artist_id,artist_name
1087200,AThree-Arslan
1876,阿杜
187295,Assen捷
12132566,安苏羽
1881,阿木
1878,DJ-Varc
12441083,傲日其愣
860734,艾索
1106124,阿杰729
802016,安来宁
1081752,AlimjanTursun
1879,安琥
10998,爱乐团王超
1875,阿信
1132013,A路人
784443,阿来
1908,阿不都拉
964311,阿良良木健
2422,阿鲲
1877,阿牛
1058073,阿力木江・托合提
14469086,阿金和玄子
1047066,阿摩司
1045019,阿尔达克
1885,阿炳
1873,阿宝
1945,安东阳
1081117,Azoy
1102011,阿尔法
1122109,Allfine
804159,阿力普
947019,艾宝良
1049340,akbar ahmat ziba
1886,艾斯卡尔
1919,AP满人
727015,AL=六甲官锭
1980,安神
1050612,积木立方
1872,阿沁
1155078,安乐阳
12870537,Alex Hong
1039594,AKA道长
1921,安旭
762462,阿见
1047377,艾尼瓦尔江
1888,阿穆隆
12039231,艾山江・木合塔尔
1084038,Akbar Kahriman
1893,阿里
1053043,Archaic幻梦
1054175,AiPi 
1054144,Annco.Liu
1132165,任莫醒r
1961,阿译
1905,阿吉仔
1080022,Fumos
893266,A3
1049049,allan.X
229593,艾克拜尔・吐尔地
13222299,安浩辰
832010,曹翟
12054096,阿力木
862110,敖日格乐
1087768,士辉
12046022,Arivval
1912,阿清
1902,阿振
1060224,Kadirya
1054114,a$ce
1910,阿德
1904,阿爆
1906,阿龙正罡
1925,奥杰阿格
12108783,阿尔曼
1161024,AC周予天
1039871,AHJOL''RAHEM HALIP
1882,阿强
1039587,aka南瓜
1043417,阿权
12142151,Along
854301,安平
1081930,AseLOrDa
1060008,朱志冉冉
1039416,Anchoe
2022,阿左
12263332,阿宽
1926,阿拉腾傲刀
1054102,YoungDrake
1021394,阿四龙
1124167,安浩
1040062,Akber
1075100,ABSDJHONG
1047280,YK-D
12203229,阿影
1896,阿沐
13582195,安迪
28387245,安筱冷 
805076,ANNER
12356407,白小白
13058488,卜凡
13058487,毕雯B
839689,SAM努尔夏提
12091076,白宇
12493701,布瑞吉Bridge
12288707,半阳的粉丝而已
1084207,白亮
13059430,贝KU
1054040,冰块先生
1181417,拜合提亚尔塔依尔
909029,白举纲
1085053,变奏的梦想
1048054,Braska
1050807,白宁
12259146,Black.Key
12523451,BrAnTB
1047238,白挺
2026,布仁巴雅尔
2098,暴林
1131033,拜合提亚bahtiyar aziz
2063,白玛多吉
14100563,白菜
12041068,白敬亭
2056,拜尔
2103,血男孩
2104,Beatsound
1047057,BEC包子
12647412,巴图
12131640,冰山来客
1053147,笨笨口琴
2033,包朝克
2087,波拉
2034,鲍比达
12457194,边江
816079,薄彩生
12090249,孛儿只斤・包迪
2055,白天不亮
1081918,Ballrockin
12279094,鲍鹏
2059,毕书尽
2049,卞留念
2048,百慕三石
1038371,BlurryCloud
12108685,BLOW
1044102,Viper毒蛇
1078363,巴顿
1047011,白客
868113,BigKey
2060,白羽
1057198,B.C.W.懒领阶级
14100790,北疯
2101,Barry
1038088,贝歌
2032,贝玛千贝仁波切
13706227,表哥
1078050,BHTY-R
1060060,斑辣个马
1060124,周迪
1150216,巴图
12263538,白凯南
12344330,BackToBand
2027,卜学亮
969082,背背
1032373,边远
1132200,包胡尔查
2025,B6
11992127,包贝尔
13568181,鲍越
12263329,白泽
12817024,白静晨
2061,包伍
1094177,包威尔
12107259,白勺
1057274,包青山
13699123,bAddrop
2065,布川
1132662,鲍昕宇Aspada
12493121,YoungBoyDan
1038354,边边
1040104,Blindman
12872011,彬雨木
12141067,巴音
27692361,北木森
1032406,波比
1049372,白浩
29148292,巴巴烙
14714187,薄云天
2073,鲍元恺
2050,白音孟和
12355027,白应鑫
1047265,波仔
228408,Bloody Woods
2071,白龙
1106064,半梦
1087669,BK532
1008035,BillySmith
1065002,Bikman
2116,陈奕迅
12079044,陈硕子
1058228,陈鸿宇
2112,陈小春
13056440,陈立农
12131566,CLOUD WANG
2127,陈柏宇
12634049,丛铭君
2201,陈势安
2115,陈百强
2117,侧田
2110,曹格
2124,陈楚生
12132471,陈信
2118,成龙
2121,蔡F佑
2122,陈冠希
1044054,R7CKY
2150,陈冠蒲
963409,陈学冬
1084178,Candy_Wind
2111,崔健
964450,陈奕夫
2159,曹轩宾
2230,陈雅森
2331,陈翔
2294,陈光荣
2153,常石磊
6557,曾一鸣
2125,陈晓东
12010027,陈柏霖
963431,陈致逸
12095299,陈柯宇
31055,Cee
2130,蔡国权
1043290,传琦SAMA
2147,陈旭
168021,陈俊彤
2135,陈勋奇
1041027,Chace
2113,车继铃
1046063,蔡方萌
1007135,陈小虎
2312,C AllStar
189379,陈鹏杰
12023426,CARTA
941023,曹槽
224360,陈亮
2213,苍茫
1132979,蔡照
2131,川子
2204,陈辉权
1124141,残泪杰
900139,曾经艺也
2141,陈雷
6608,曾志伟
2134,陈坤
13057490,陈斯琪
2414,曹越
2448,曹秦
13228454,蔡威泽
13059431,陈名豪
2164,陈伟霆
6862,曾志豪
991003,崔跃文
2209,陈少华
14471208,陈丙
168042,曹寅
2276,崔京浩
2133,陈奂仁
1014024,茶季杨
1152025,陈知&游园惊梦
1149014,厨房仔
727005,陈赫
1043304,曹思义
2138,陈浩民
2375,蔡志展
12312092,曹方瑞
1081291,CloudINJoke
958173,才让东珠
2202,陈其钢
2330,晨熙
12301031,陈圣夫
2174,陈底里
14713124,陈彦希REGI
2336,程池
826307,陈晓
2428,陈劭康KOMIC
12091078,崔航
2119,蔡国庆
2338,船长
1051032,陈坤
1028199,菜小宝丶
6521,曾航生
1023094,陈浩东
1060096,大彻
12202279,崔子千
1049979,陈建斌
2440,陈伟伦
1019523,冬飞
12054456,董又霖
12440042,邓伦
12333145,DP龙猪
2569,丁可
2517,刀郎
12059017,大能人
2524,大张伟
791534,戴荃
2516,迪克牛仔
13058489,丁泽仁
12291332,dj
2699,东篱
671001,东南
2514,蛋堡
2623,邓超
12250324,DJ马哥
188681,大鹏
1088061,DELA
896942,冬子
13056441,邓R怡
2515,窦唯
1087662,董昱昆
1203015,Dough-Boy
1039543,DjCore
1135138,DJ浩宝
2513,冬子
1143033,队长
947023,董冬冬
2522,杜德伟
1053107,DJ建斌
2578,大冰
2607,多亮
2614,大哲
12787446,杜佳阳
5068,单色凌
2545,丁于
189918,杜海涛
2518,东来东往
1049022,烛大魔王
1038381,DJ张扬
12194338,DJ阿奇
2520,东山少爷
12273260,董子健
2531,邓健泓
1057162,德格叶
783379,杜歌
13059432,董岩磊
12154277,DJ
2519,董运昌
2527,DJ宝贝
1078398,D-Lay
12894239,丁世光
2528,刁寒
2591,单小源
2525,戴玉强
12040073,丁冠森
1079143,蛋卷
1081526,大痒痒
12810118,旦增才让
2888,狄易达
2605,丁汀
2602,邓杰
2675,杜淳
1050280,于亮
12046643,杜天皓
1028197,张拾壹
2562,窦智孔
2682,丁炜
2532,丁咚
2548,杜聪
2616,丁少华
1058138,大琴师音乐游戏
27695243,大一学长
2632,代理仁
12618022,戴景耀
13933117,大泫
1050641,大坏兔子
1085030,敌门
12630149,杜江
1066056,dj皇家礼炮
2521,邓伟标
11428,狄奥尼索斯
1025229,DJ YiXiu 
12902436,豆心
12187012,大鹏
981003,笛在月明楼
1047424,杜光t
1060122,DJLayDiMusic
955037,丁乔
12107621,豆腐P
2610,丁浩然
1081326,DJ Ricardo
2702,东浩
986276,董昊
896569,旦旦
927045,单海锋
2526,窦鹏
12137020,邓鼓
2582,大雄
189955,贰婶
896894,贰佰
1085108,哦漏
1039899,eliaqsopa
2714,EDIQ
2722,E.SO
905634,二凉
1043383,Elvins.J
1192402,二龙湖浩哥
1050341,EACH9
966153,EdJean
1089203,Elfar
2727,二文
1135273,Eric
1053149,EDMarco
1046270,ETIRAZ
1040044,enderdz
12263011,二亮哥
2720,贰贝勒・木森 (J-Forest)
1019328,EDEN
1080049,“阿兰姐”
12263400,Egil Ellevill
1039919,EI身份证
12404124,Eric Song
816055,Easy Mind
981041,Eveight
1054116,儿时玩具
2723,Ezfic
27888574,二夫
13195211,二辰
1050576,EXIA
12871192,EC一平
2716,诶姆
1093034,EryXDY
1047255,Easion_Ng
1031114,换号中bigbus
1049900,冉明阳
1039900,EC Robot
1073043,ElectronOscillator
1038223,一针见喜
1050175,二龙
2735,EazyToo
975774,二向柚
2728,二宝
2730,Eugene Pao
1047206,Electronic Dance Music
13971421,Empty ORio
12170031,耳机
2717,Ethen Chen
28390340,恩佐
12074153,EY魂
27888504,鹅王章祥福
12332127,二飞
2710,恩炀
12743011,Erick Blu
12363201,ERIC
1049964,E.D.J HyunYu
31153477,E-Van
30109512,EAT扬扬
30035265,Epic Music
29356296,ev
29356229,贰鹏
14099080,E&M经贸民谣
29302237,Enyx
12492296,Eggace
27693297,二少爷爷
12213188,俄比尔古
12403137,尔冬明
1039360,ElectricGirl
1049701,Rich哈木-
2724,E歌
1043309,耳东 
30617579,Emily Hsieh
938073,二玩家
30616419,Ethan
2721,eclove23
1039579,Emxi
2718,enlil
2738,方大同
13056442,范丞丞
865007,法老
12213335,枫宇辰
2736,范逸臣
2747,费玉清
12028291,伏仪
1032016,风子
2739,方力申
2775,樊凡
1024309,Fcyco
2741,房祖名
12025631,Force嘟嘟
956281,符家浚
1081940,甫平
957020,冯佳界
1163007,方磊
27694696,枫叶
2743,费翔
842003,范炜与程渤智
2791,付辛博
12356808,范世W
2742,方炯镔
2768,付笛声
1038367,HAO付豪
1081292,Firah
1039404,Forkyrie
1047302,符号
862024,范忆堂
28387442,冯舆轩
228462,冯翰铭
2740,傅聪
1025042,梵墨
2802,肥宝
2754,冯晓泉
1043488,范恩
1020150,李汶峰
2750,Finn
2752,方锦龙
2793,樊少华
2765,范振锋
2749,范圣琦
1132196,冯建宇
2737,范宗沛
896230,冯巩
2753,冯德伦
1048005,范文夺
2777,符致逸
4544,佛山DJ明仔
2778,冯言
1078032,林屿森LIN
2764,范思威
12430082,FZ.方丈
2816,冯绍峰
2786,范睿
2827,付豪
1039402,fx
2758,冯乔
12325107,绯太子
1047027,Ferrison
1115016,FOM
787065,浮游人-TonY
12332149,冯芰
1022050,Fattwo
30892253,方洋飞
2772,范琳
13840462,房岩
1131048,付浩天
2839,飞翔
13683991,翻唱群星
818227,傅松
1084058,方毅
1049257,冯小波
2813,冯泽雨
725039,冯允谦
2788,Faber
1016120,冯光
1046239,奉枫
2808,冯晓荣
1124320,肥坨坨FatToc
1050441,F.BING.KAI
2757,傅振辉
2762,方奕
2803,范圣霖
1063170,何玉林
12250285,吠人
1041080,冯博
2769,冯伟棠
1081399,冯光华
2761,浮克
28391507,付飞社
377197,FyBe
1041120,法特
1039141,方雨晨
2829,范星光
1024321,F
1050031,苏天添
2843,郭顶
12050057,G.G(张思源)
2849,古巨基
1044203,郭旭
12136042,光泽
2863,高进
1211046,GAI周延
1008034,鬼卞
2842,光良
13058582,跟风超人
27889345,官鸿
2852,郭富城
168010,葛林
2963,高安
2922,郭德纲
2868,关
12399037,国风Dom.T
13973042,谷嘉诚
2861,关楚耀
2853,关正杰
2848,郭峰
1041024,GNS耀耀
12023517,宫阁
2870,甘仕良
12213153,GenNeo梁根荣
5311,苟瀚中
2850,顾嘉辉
2892,高林生
13080288,关大洲
2959,根呷
2947,国蛋
947046,时光
2859,管平湖
11974118,郭子睿
2874,顾峰
13228424,GC国丞
2856,高枫
2862,龚一
2981,葛平
2867,哏德全
3007,郭少杰
12332258,郭麒麟
2851,郭子
2846,高明骏
13056443,高茂桐
13059433,甘俊
1043146,光合唱片
13059434,GIGEL张津铭
820439,谷柏杉
1049033,高铭
2945,歌浴森
2872,关德辉
2962,格茸农布
3020,过江龙
2928,高夫
12165051,高心远
2847,郭伟亮
2979,格杰白玛
12289019,郭一恒
12998047,郭思达
2885,光头李进
12023557,高旗
1132850,顾稚蔚
2969,关泽楠
27695695,国哥
12475595,高晓攀
2841,高晓松
11975240,郭俊辰
975574,GrymeMan
2875,郭浩男
2878,顾海滨
14101443,郭阳
3042,高正洋
12262021,宫俊
2844,古天乐
905095,嘎玛西周
1039864,Groovemiki
2871,广智
2857,高凌风
2887,高向鹏
1049027,郭京飞
1053246,郭纯
187480,小黑0818
12274269,高华阳
2912,郭炳坚
3031,关栋天
2946,刮刮乐
12154162,高赫
908209,Gordon扬豆仔
861441,GBZ
12931831,高火火
3029,高信
839567,GZ
2890,恭硕良
2911,郭颂
1137380,官云康
2960,高韶青
861777,华晨宇
3066,胡彦斌
3249,河图
3064,胡歌
3058,后弦
3273,胡夏
12065096,黄旭
3348,回音哥
1049179,Hanser
3071,郝云
13059437,黄新淳
3255,黄渤
3118,黑龙
12773144,韩沐伯
3081,胡伟立
13059435,何东东
3415,霍尊
3073,黄凯芹
1006030,洪尘
3086,海鸣威
3072,韩磊
3079,黄品源
3256,黄明志
1045031,黄立纲
1011192,黑羊
1049349,胡碧乔
1068009,前后动机直升机组合
1081579,黄雨篱
3059,黄
12598950,RA
1025202,黄子韬
3337,黄艺明
3126,黄宗泽
3307,晃儿
12488022,黄榕生
3322,黄英华
3181,贺一航
3094,黄晓明
3063,黄义达
3082,黄安
3146,侯旭
3090,何炅
3311,海生
3080,黄贯中
13056448,黄书豪
3120,霍建华
13057492,侯浩然
3116,黄家强
3272,韩庚
3069,洪启
1181165,何大河
1040132,黄超
13056444,韩雍杰
3061,黄磊
3093,黄征
3330,胡鸿钧
3259,呼斯楞
3250,火风
12598388,胡蒎
789450,何山
1177014,韩安旭
1019154,黄礼格
3121,黄阅
839761,何流
3056,胡德夫
3261,浩瀚
1182797,浩天
1006027,涵昱
3068,黄大炜
12487019,洪雨雷
3123,黄国俊
3065,黄立行
3112,何润东
223221,陈斐
3378,何崇志
3162,胡兵
1081256,和弦
3096,贺西格
3276,何晟铭
3075,何训田
12796041,胡一天
1039086,何星烁RapStar
13059436,何嘉庚
3404,贺一航
12914019,海RWAVE$
3055,何勇
1041087,罗一四
14100082,黄圣池
12164075,黄景瑜
3421,黄勇
3078,黄伟文
3676,胡波涛
3217,哈孜肯
3085,韩寒
3317,灰原穷
13056445,Hook于浩
13058490,胡致邦
11880,H.K.君(HEROAR)
3224,洪楗华
11975111,ilem
1038374,iMoon
11987075,impossibleChuck
1132544,Iceloki
956418,InfiniteMusic
1047333,iCsuo
29356237,illusory李虚无
1039978,ilham丁丁
900332,imeatART
133386,I N K 本墨导窒
12947494,itmusicstudio
1031042,ibinbao
1039393,IMAGINE
1083022,iimmune
1049076,Inspiration Crowd
1031052,Impractical Scraps
3438,iiiis
28390292,Ian Yu
1050737,Ilya Ai Wei
1039395,IANNE
12263528,Imc王辰
28085491,ianbird 吴冠亨
1161208,Izumi koga
1000135,"I,Defiance"
13738116,ins白日说唱家
233211,INTI
1081840,irevan
820494,Inbellum
1044068,IMCUICUI
13707529,IL CANTO
13430213,Infernal Chaos
3445,Intangible Ism
166014,金志文
5001,简弘亦
13057497,黄明昊 (Justin)
188694,蒋家驹（蒋蒋）
3459,姜玉阳
827163,金贵晟
3456,姜育恒
789380,J-Sleeper性感的拖鞋
190079,家家
3453,蒋志光
1071076,姜贰拾
28085561,Jason王威登
3558,蒋明
1047078,江南诚
3452,蒋大为
3526,JR Fog
187010,J. Sheon
3464,江涛
3466,姜鹏
13059443,J-ONE
1063007,居来
13059438,伽里
3450,几米
13059442,姜京佐
3528,靳松
1106073,贾乃亮
13056451,靖佩瑶
3498,金学峰
3539,井柏然
905426,金润吉
3536,金培达
1097081,JK.Chen
1098154,JZlee
13226406,JK LEE
3537,鞠起
12262268,金6
187394,精气神制作
3454,贾鹏芳
187203,坚持者
27694332,贾盛强
3499,景岗山
3600,江智民
12914018,JOHN$
1015710,江潮
3594,蒋山
1099005,小简
12369108,精神领袖佛爷
1038398,纪粹希
3613,纪晓斌
5839,解小东
12488044,贾昱
842019,金泽男
1081155,蒋劲夫
3563,金久哲
792823,简吟
3562,金复载
1156032,靳东
1124432,JeamsKing
3591,甲雍
3463,江得胜
1047025,jackson
12451170,JA符龙飞
1049680,吉克曲布
1060009,JIANG.x
3451,金城武
1038368,贾巴阿叁
995003,净土Pure Land
3519,金科
3534,贾鹏新
3572,君子
1057168,九御kyuugo
3551,金泽
1011198,江生
3515,Jeff李
1087229,吉佑社
1038352,蒋敦豪
1028051,陈褚骏
3524,极泷
1049408,姜潮
3461,江凯文
729003,贾涛
12634598,JV陈政文
3504,君君
3576,金h
12526089,NGK
12457183,金少祥
12074481,Joker one
12203268,江南
3484,吉中鸣
12488021,聚来提
29148309,江映东
3541,姜昆
1043181,金忻
3458,纪佳松
3593,金山
12251263,JK
1047250,吉克杰拉
1043535,京脸儿
1047064,KBShinya
862058,卡修Rui
3619,孔令奇
13737107,可有道
12493703,K ELEVEN
28387568,K乐
12048189,孔东东
3617,柯有伦
1132451,柯大堡
12024274,Kafe.Hu
12261311,柯镇恶
3626,柯羽
3654,柯震东
1019172,凯玟桑
3658,克尔曼
911042,康硕Kenny
3660,柯皓燃
3616,KenT
13972448,空城mill
3614,柯受良
3672,柯暮卿
12811143,KEVSER
1019155,孔垂楠
222404,卡斯Kas$
3627,康康
3641,凯撒
3651,KT
3625,卡卡
3649,昆虫白
686006,康康
5980,阚立文
991002,柯智棠
1135192,张童
1132845,K邵庄
868001,KillerBlood
1080047,宗儒
1081372,孔岱山
3643,Kositu
27694228,康天庥
12467220,K2
3624,孔祥东
1039449,Kit.Tam
1050144,库亦晨
1081974,Koowho
12356071,凯文
1043220,Killazer
1161004,开松法师
12048059,康榕
13974121,孔舒航
3620,孔宏伟
1079139,卡列宁
3621,克里木
1038406,KhalilWonger
3640,Kz
11974222,柯智豪
758285,Karma Kid
12467039,K.Scarlet
3646,科尔沁夫
3623,康万生
787062,Knife Lee
13565046,锟
1039757,孔熙俊
12290110,康桥
961279,孔一兵
1050581,Ray3
1038242,堪布贝玛千贝仁波切
28085380,可乐
1069015,杨文博Poe
3662,轲然
991229,肯别
1088051,KB
12086178,邝雨翔
1044036,Kael 鹿帆
3636,Know Hope Collective
999157,Katana_4real
1046036,口琴ok
12945681,康成
1124332,吕先生
3670,康梓峰
1081307,狂奔的萝卜
1132707,Makino
27693543,抗癌露露
1040055,Kona.Y
12073350,寇麟
3622,康乔
1099008,KNXER
12869562,Kitson Lau
1094139,Ken-Ming Yang
3661,开克尔曼尼
1050287,King@C AllStar
3655,孔朝晖
1074108,Ky
787048,康智炜
1084021,KH
12061058,Knopha
1039553,K'桑
3630,空气球
29150357,KNNNT
12408142,库巴先生
3684,林俊杰
3685,林宥嘉
4292,李荣浩
12493781,Lil Ghost小鬼
3681,李志
981141,伦桑
3699,李克勤
13056454,灵超
3691,刘德华
3695,李健
13059447,林超泽
4171,刘昊霖
13058498,林彦俊
3722,梁汉文
166010,梁博
3683,李宗盛
13057676,李希侃
3692,林志炫
4130,李玉刚
3689,李玖哲
12523349,卢焱
3682,老狼
13056453,李权哲
4393,李代沫
1060132,柳爽
13056456,陆定昊
3706,林子祥
3697,卢冠廷
13022016,廖俊涛
12359437,李常超 (Lao乾妈)
3694,罗志祥
3686,罗大佑
3705,李圣杰
1015657,刘刚
12080400,李俊佑
4188,刘佳
3848,刘允乐
3690,卢广仲
3701,黎明
1040035,李雪莱 
1047239,流浪的蛙蛙
3688,刘欢
13057501,罗正
13056455,娄滋博
3765,李易峰
4069,六哲
1038093,鹿晗
4125,骆集益
4084,林奕匡
4093,李行亮
932053,蓝波
4015,冷漠
1025271,刘旭阳
3698,罗文
27695878,梁靖康
1051026,廖效浓
3723,吕方
12349677,Lamp Ho
13059448,吕晨瑜
893267,李琦
3715,梁朝伟
13059444,李俊毅
3793,陆虎
12675220,李朝
4006,梁晓雪
1083012,李慧宇
3812,刘可
1039750,李智
3747,刘嘉亮
4080,刘心
4055,赖伟锋
1021328,李子阳
3772,雷诺儿
3713,刘东明
3704,林志颖
1053123,罗云熙
15021287,刘洋
4320,刘辰希
744274,蓝乐
1044185,梁栋江
905491,老虎欧巴
936007,李明霖
3752,李维
4037,Lu1
3763,李国祥
3799,林依轮
4089,李炜
13056452,李长庚
3871,刘胡轶
3952,卢小旭
4474,刘明汉
12132197,李柄桦
12107619,罗锟
12096060,廖佳琳
3743,刘家昌
3708,蓝奕邦
961227,廖国钺
3737,刘u宏
3956,罗家英
3702,林o
826336,马雨阳
188141,满舒克
4479,MC Hotdog
13056459,木子洋
4592,马E
12413,慕寒
1132392,马思唯
4569,麦振鸿
4483,麦浚龙
4621,闫东炜
1038238,Mario
13415208,Max马俊
187903,Mc光光
1050630,孟大宝
4485,马天宇
792162,M80
4486,毛宁
1049174,慕斯の小乖
858161,马潇
4552,毛毛
4480,马条
4488,满文军
1058114,马融
1050611,M-PHOTOS
189932,猫饭
1041122,Mr.岑
1043199,MC-5
1041010,买尔旦
4513,馒头
4481,满江
1089210,MyT1aN
12389238,MJ-7
1039222,梅粮新
896927,莫西子诗
4578,莫染
816093,茉莉僧
12084382,Mc阿哲
1132719,Mardan・omar（买尔旦・吾买尔）
4489,MC仁
1156176,孟可
1047195,MC九局
12136063,寐加岛
1043170,冰鑫
13485144,MC七星
13056458,明鹏
12263877,Mc轩颜
817036,蒙面哥
4619,马旭东
12914544,马伯骞
13923069,面具锋
842005,马飞
896274,mAjorHon
1049093,MILLAN
4607,马丁
1039663,Mc苏刚
4527,马上又
4490,马浚伟
12335229,Mc名决
4651,马博
29304235,Melo
12233014,Mc画师
1060200,Mr.16罗隽永
1032310,漠城
4538,马常胜
12061030,漠心藤
12309156,Mc熙阳
4482,麻吉弟弟
4561,马三立
789391,马戏团小丑
1085069,Mingkii
13056457,闵聪
1053118,Mllano
12131307,Mc药材
1043013,MC神九
4551,Mr.Trouble麻烦先生 
12132083,Mc阳子
957152,喵步小雨中
4576,毛方圆
4548,梅兰芳
12645566,马仕钊
784354,M.K
832313,孟瑞
1008007,莫爱河往生
832643,苗小青
1063133,马里奥赛德
4496,麦子杰
12154030,MC星辰
4508,马德钟
4573,Masta Mic
896782,苗阜
1049133,MC水观音
12114132,阿森
12263031,幕人
1124557,木木
12263364,MC车哈哈
12514278,那吾克热-NW
4678,南宫嘉骏
990051,泥鳅Niko
980113,宁桓宇
190349,NL不分
1074042,Noicybino
1058125,N2V
985227,南风ZJN
4672,倪安东
12049020,Nurmuhammat Tursun
1049392,宁夏
1050258,Nayim.Nabi
12908088,你样哥
12049170,Nurim Kuanix
4662,南风（姜海龙）
1050110,还没睡醒的DiDi
1046339,南瓜饭
804367,南城二哥
12091030,牛歌
1019301,宁林
12098066,南派三叔
1057144,嫩桃弟弟
1039572,南山雨林
1053166,南玛子呷
1039882,Nellee
12042046,牛骏峰
4666,聂禹
12108665,奶猴子
1027039,暖场小粽子
12196231,拿哥
12312084,聂枫
1124323,男森RAP
1040204,逆风而行
27813407,南拳妈妈弹头
4665,牛朝阳
1001005,牛牛
13580194,嗯哼
1049185,聂远
4677,宁峰
1041070,乃日戈
12776731,尼格买提・热合曼
27693341,奶油小生
4686,南卓仁波切
1050265,No.6
1000103,Inspiration
4661,倪敏然&倪嘉升
29302224,Neko
1019003,Nic-BOOM
935138,倪力
4660,钮大可
4656,牛建党
1044122,南味SOUTHFEEL
1039848,Nano33号
12335199,宁彩神
220970,NANCY
862131,倪敏然
1019357,Nacid
28391235,怒道诗情
12467165,喃常乔
13192194,南子渝
1079101,南一
12348450,南宫
1040026,NO.59
4709,女美爱我
4669,糯米
1039680,南涩雨
13971260,农面哥
1057272,安夕尔
1081733,Noise Happy
797346,南宫家骏
12262225,NGC
1040024,念尔
1039297,NEMY金属怪兽
4680,倪青
1041003,泥丸
12335177,诺一
1181764,宁新兵
12408261,男众法师
12209024,NEWYOUNGGO
27694175,宁群
28897355,娘吾加
1089115,小白的亚新
27693854,南阳
4667,聂琳峰
1155077,闹闹
1193191,尼块
27695986,南昌Djkevin
866037,南味年糕
29150288,南初
15022012,倪红
1132441,Nickking
1039097,r里
29596520,弄青_Leon
12121184,倪中乐
1049159,Nathan Pelupessy
4668,南梓轩
27693670,男神
1124300,聂子轩
4694,欧阳靖
4693,欧得洋
12060060,OB03
896460,欧豪
4695,欧翠峰
12493704,OG ROLLY
4700,欧汉声
4691,Okna Tsahan Zam
4705,欧阳青
4715,欧阳尚尚
1066075,黄秋颖
12488167,OK绷
15023173,欧俊诚
1024400,OCULAR
12996970,欧阳俊
12049171,osman mamitimin
3665,Orientlic
14098645,ORI
1057079,昭和三色_
4692,Oscar
4696,欧阳德勋
851769,欧尔格力
4713,欧昌彬
1024100,欧阳曹亮
4697,欧阳浩瀚
13734113,欧阳雄波
12062259,欧阳文宸
12469061,HeOho
1039334,OP.X
13643049,讴洋
1044086,Ops.7
4714,欧华成
4706,欧育齐
11992096,欧华
12279524,欧霖
4720,Ones Day
1049806,欧阳光
4704,欧阳清风
4719,讴歌
15024239,欧阳圣康
1135222,ODYSSEY_
229959,OG-K
4698,欧阳辉
1124169,欧阳藕
28085334,欧牧优诺
30618433,欧阳大江
12213242,欧阳皖
13160089,欧景智
28899259,one0none
12279033,欧宇轩
14057095,欧阳原野
12067017,ODd
12279035,欧阳基
1132265,Ordy
4707,欧阳巽涛
4717,欧元
30615508,OC Jimmy
30615428,欧阳阿成
14098024,欧拍乐
758364,OscillatorZ
4708,欧中建
4721,朴树
4723,潘玮柏
4726,Pianoboy高至豪
11974049,鹏泊
1050465,Panta.Q
4755,品冠
1046460,潘广益
4725,庞龙
4764,潘柯夫
4752,彭于晏
12145025,彭昱畅
12080220,PoKeR
4777,平安
1024310,帕尔哈提
12054555,潘粤明
4759,彭钧
1049684,彭飞
4722,彭坦
1047180,潘松和
29303235,PSY.P
1041119,Pahirdin-Rahman帕合热丁
867021,李峥
4761,平远
849055,park
4731,潘安邦
4733,蒲巴甲
975410,PIKLANS
4732,潘长江
13972112,彭楚粤
28276386,屁孩 Ryan
1178287,派伟俊
4728,彭健新
1132712,橙汁studio
1077015,Phany
4776,PDP
4757,庞晓宇
5809,潘晓峰
4724,潘裕文
1132019,P2Pover
13080326,彭成
4756,Peter Lai
4778,Chatomato
797002,潘高峰
4771,彭柯
4729,潘劲东
686007,潘寅林
1075125,Peterovic
1077048,潘雨轩
11992123,潘斌龙
12462045,庞哲
1038385,破鸿
12869643,Parkson博彦朝
12170246,朴翔
687067,Peder Af Ugglas
1150300,彭伟
13429083,庞明昊
1049209,彭冠英
1045022,彭子瀛
29148357,普乐民
4736,普布次仁
906049,Pancakelee
4737,澎恰恰
4750,飘张
1038396,咖咖
4744,彭修文
1014016,phsence
832021,彭高平
935112,彭博
4780,裴力
4727,潘协庆
4730,葡桃
1039016,潘鹏展 
12331138,片旭・更松塔叶
228527,潘云峰
1044270,彭三
4749,彭为
15023261,彭宇星
13046208,庞飞
4763,怕黑
4767,彭亮
1156023,彭康亮
854436,庞锟
4775,彭远扬
1047024,Polymath9
12475313,狍子
12008095,彭宇
1043334,prome ma
1049727,盘大王
1050836,Pony Soore
14470145,炮哥
12107301,PEATLE
4748,潘孝佳
1039277,powerA
4786,平川
4753,庞洪铎
12121083,潘云安
5898,彭家熙
784257,Jony J
12775210,秦奋
4873,奇然
12776890,屈原
4813,齐秦
4793,乔任梁
4837,邱永传
1047118,秋裤大叔
4863,齐晨
4833,祁隆
4711,区瑞强
1043222,秋野
1043396,千百顺
1071024,前冲
13058501,秦子墨
4831,乔洋
4811,秦立巍
13056461,邱治谐
894026,祁圣翰
14056229,乔万
168002,权振东
1102124,琪叔
12136066,齐羽
1063018,浅蓝
1132976,秋火林荫
991161,裘^戎子千
1088058,秦景轩
12007157,秦博
916042,邱锋泽
1077018,邱霖Big L
4797,齐峰
12525569,乔杉
203034,秦万民
12049173,Qara Etrapqa
190494,邱胜翊
226363,乔振宇
1047440,秦昊
1053113,谦木
1131007,乔乾师
4829,裘盛戎
4815,齐.宝力高
1089215,七手
12279998,邱振哲
4841,乔珊
4851,祺云法师
189453,秦勇
12218115,秦旭章
4848,齐士扬
4812,七郎
12462405,清云法师
12475335,qasa
4809,齐旦布
1044024,丘与乐
13429295,浅堤
4828,晴天
4806,青山
1074004,曲艺
4824,曲泉丞
900051,乔军
896234,奇志
13920104,青梅拉萨
1043142,齐会超
4861,崎君
12995546,乞丐
1039227,陆本平
12213092,秦四风
28391569,祁岩
1019302,祈合
223761,邱杨
1047241,千草仙
12441224,邱小龙
4795,秦永
12598090,齐羽嘉
4807,秦咏
1039387,七夏L
12279860,齐硕
4854,乔嘉
11976031,青岛小强
27696000,乔子寒
1193200,秦麦洛桑活佛
12525596,气质陵晗
4796,邱泽
12263065,强歌
4827,曲尔甲
12095133,齐霖
789928,秦艺天
12006106,球球
1060097,邱吉
1108146,Qzero
1015706,俅其oky
13228175,祁子航
1032407,囚牛的方舟
1049029,千锤百炼Gyseal
12231097,齐乐
4825,秦俑
14923036,区智健ONO
1124005,秦天
12290292,祁富贵
12074371,一杨
29490578,曲剑
4895,任贤齐
1015114,任东
1110009,Riyat.Yusup（热亚提.玉苏甫）
12526504,任立佳
1081483,Robot-Boy
1019069,任路加
12274111,任嘉伦
4926,任宇翔
4883,容中尔甲
1038361,Seot
12355767,饶威
1063168,RYLIA
1081769,Thunse
1039251,RPZ
1132068,
4896,戎祥
13057502,Rapen罗仁麒
4882,热西・才让旦
4919,任和
12154250,任柏儒
4898,阮经天
4905,任同祥
1078327,rovinabc
28083455,Ronin
4902,润土
4917,Ricky Ho
4901,饶天亮
1036007,任重
4908,任震昊
13197392,Restonia
1027034,Xerls
1081449,李旭
1040160,任阳
1032315,孙悦鸣
12074191,任向东
12131160,Remix Music TV
4923,任浩铭
1039710,学长呀
12409239,日道法师
4894,饶宁新
99602,Redkey
4892,日波益西仁波切
4893,任岩
12031078,RCJacH
711587,任承浩
1041055,浅小寒同W
916051,仁青宫宝
12213118,Rap大军
1132187,Rabbit-lcc
4922,荣星宇
1047272,软木
861596,任飞扬
1039700,融化的雪人
12409240,如通居士
4891,戎梵
1058126,RoseKhalifa
1039206,任衍锟
4881,仁科
4918,刃ASURA
1049065,任永恒
12031270,R8o
12198163,蔡小江
12053410,任子墨
1063080,Talkbox Roc Kit
13161438,任秋晗
4924,阮以伟
12234069,芮嘉言
1086016,荣子yJan
625242,RPG
28085575,Rgry
862041,Replay乐队
1039883,荣鑫
894015,任鲁豫
975738,Helix.T
12142123,Rise
29150340,任杰毅
1040031,RRON
1132402,任健
4888,阮兆祥
1039505,任仂
4920,阮仕春
1116106,任意门
4889,任鹏
1089070,阮明杰
1078069,rapof15
4890,日京江羽人
29151301,任毅
1066017,Rapki
4921,容兵
1030006,任俊陶
27889242,染辰
187369,Random Soul
4927,任升
1047133,任勇勇
1039352,REVOLVER山猫
1049521,阮民安
4899,任传麟
1156193,RHBE
905486,rap随缘
5073,宋冬野
1132749,Shang
4947,孙耀威
5103,孙子涵
797087,smile_小千
43515,Sbazzo
4941,孙楠
1044144,三亩地
1146106,苏琛
4948,苏永康
1178207,沈谧仁
5084,石头
4942,沙宝亮
5022,孙伯纶
4936,宋岳庭
5047,胜屿
1159133,深七
1037013,少恭
1047049,Yoken_Official
12126487,孙晨
5106,寿君超Keyso
4959,誓言
4938,苏醒
13059449,孙浩然
1089111,孙八一
5039,石进
12976513,scaredkrow
4935,爽子
12122233,税子
43884,Senpai
1039243,Soul
1192515,盛一伦
4934,苏阳
12336312,SEVEN TANG
12184070,苏凡
1098139,SynBlazer
5087,SOCO真
1047197,山下直人
1049990,Upuk
190497,萨满
1044132,夏浅景
13226089,孙翔
4940,苏有朋
12006015,三郎
5158,桑吉平措
5025,孙浩
1132572,舒大卫
15022221,萨沙
896003,沈震轩
27692511,江枫
12925116,沈煜伦
5015,宋捷
4974,盛中国
5018,孙辉
4951,施文斌
1081895,Shepqet
1081875,邵言
4964,索朗扎西
4937,沈庆
5008,沈懿
4953,沈文程
13057503,孙凡杰
4968,孙国庆
4943,三宝
1132218,宋赫伦
12024178,水月
1058135,SIX GOD
1115138,司空雷
5021,宋秉洋
1039716,宋晓峰
5168,撒贝宁
693018,宋小宝
5078,石磊
1132057,Heki
5005,师鹏
12144027,苏立生
5000,三木科
12301149,孙泽源
1132060,Satchel
792099,宋马超
11975181,四郎贡布
787035,依兴驰
1111024,SKY
1026014,宋逸晨
1081368,十年时间
12274072,山新
501460,Skey
13161108,索当珠
4976,孙小宝
12916043,Seanie P
1039020,孙诺涵
1047122,李粟
1040093,沈波
1087766,十三狼
1078072,顺德
868036,尚裘峰
5196,陶
5205,谭咏麟
12492058,陶孟童
5195,Tank
5198,腾格尔
1086078,Ty.
12931942,田羽生
1087592,唐汉霄
787107,陶峻汐
955095,图特哈蒙
5200,屠洪刚
5197,童安格
13056460,覃俊毅
5199,邰正宵
31286,The Shanghai Restoration Project
1193004,唐伯虎Annie
1050510,TSAR
5234,佟大为
5203,汤潮
5206,唐磊
5207,泰迪罗宾
1116074,谭水明
437343,Lonzo
5227,唐禹哲
992023,陶定哟哟
5243,谭盾
12039096,TZ
12975415,天舞
1087265,Umvt
5247,汤子星
12870490,Toryondacloud
5208,谭炎健
27695662,TONY REY 凯睿
1039419,Tolein
2000,塔斯肯
5274,汤非
5285,The Lee's
13059450,Traple赵凌峰
5316,泰然
908122,覃桢
5257,谭杰希
5246,田一龙
104096,谭汶奇_wikki
2579,汀洋
805086,TedJon
1046418,TopManss
5231,屠颖
1132174,TYRX
5238,佟铁鑫
12230039,谭妍
817010,陶辰宇
1043219,田宇杨子
5232,田家达
27692717,Tencent TIMI AUDIO
5260,谭富英
5251,唐人踢
985262,唐龙
12121259,佟梦实
962175,谭旋
670008,覃元隆
5225,谭宝硕
1039199,檀健次
5226,汤正川
1039219,谭哲
5201,童孔
5252,铁热沁夫
1049766,田振达
12202054,田亚霍
14100692,兔三岁
12409177,陶思哲
5233,谭炳文
5317,唐建平
222813,田野
5209,唐文龙
5248,陶培力
1064008,田校同
29151329,唐永海
12364168,田源
791155,唐音工作室
203383,TORO
5215,谭耀文
1043257,汤祯钰
1088056,NPC
5284,唐鹏
1053209,覃天佑
1057175,Tonino祖力
861410,TooPhat
13128161,泰岩
12766335,太阳杰
12289176,提笔陈词
13839283,唐宇杰
5250,天津饭
5213,唐尼
5235,田宇
1045039,田宝
789121,琨
12067068,Trojanese(魏宇凡）
187966,田娃
1050140,逆流Group
12675884,USAGii
1040136,UNDERAQUE
13158027,U记仝人
1087008,Ulysses
237262,UP
1087332,Uncle Hu
28390422,U.G
1050281,Cilantro_killer
5342,V.K克
789949,VISUDY
12279905,Vanilla
14101634,VOGUE 5
1040098,verahuuu
1044078,VISIN
1053284,Vous Records
1192469,Vacance.ZEN
1063151,VincentSax
14655580,Vol.2
817015,Vanhci
1132526,名词
978071,vinck
11977081,Vacen奕忠
1048033,VOICHAN
12561869,viky
1050792,Var3D
1040036,Volley
1039828,Vegetarian Lion
1051025,Vai
29355222,Vorang王睿
30617577,Vladimir Alexandrovich Lovchikov
12412082,Vittoria Hilz
15021141,V何杰V
12323154,VANITAS
12262889,Victim Mentality
12067038,Vonenzo Baschello
1039825,ven
1135230,VICON
29355335,Victor
1106026,VAIOTME
28420103,vanderCC
776642,Valentina Villarroel
14713159,Vashon先生
1050440,Veeos
14099343,Veronique B
12903495,VINEM
1050459,Vica_Scream
1045023,VeduYao
5346,王力宏
28083340,王北车
5538,汪苏泷
13058502,王子异
964108,吴亦凡
1083118,王嘉尔
5354,伍佰
5358,王杰
12320060,王齐铭WatchMe
966016,吾恩
1047237,五音Jw
5347,汪峰
5568,Winky诗
5349,魏晨
12302029,王冕
5350,吴克群
12007112,王宇良
794040,W.K.
999220,王俊凯
5678,五色石南叶
1023010,魏小涵
956386,王源
5359,巫启贤
5620,王闻
12462214,王鹤棣
1043093,Toy王奕
27888364,吴希泽
5357,伍思凯
5499,王艺翔
1181775,翁大涵
187229,吴青峰
5427,王强
12656186,王圣锋
5345,万晓利
12122236,翁梓铭
5444,王鹤铮
5356,吴奇隆
5531,王童语
12487017,魏巡
12871618,王一博
13059453,武连杰
5549,王睿
827615,王博文
13923085,伍嘉成
5379,韦礼安
1047178,吴业坤
5438,王建房
1032316,王亚东
1097092,王愚
5360,吴宗宪
5518,王铮亮
5365,温兆伦
1039296,王朝
5418,王宝强
5362,王俊雄
188556,王宝
1047281,文子轩
5506,王崴
3669,王三溥
5532,吴忠明
1063066,文劲松
1047389,王上
11977185,王景飞
12121264,Ice Paper
12526138,万辰
5546,吴欣睿
5529,吴彤
1039827,WHIZZBIZ威士堡
13132047,吴文青树vs9000岁乐队
12122114,文颖秋（DJ CANDY)
1039717,吴承俊
5431,王绎龙
5680,Walker
12144105,魏大勋
5550,武艺
1041154,WARISJAN ABDUREHIM
5424,韦雄
5370,王栎鑫
1015042,王继阳
5888,韦星弟
5399,吴国敬
5464,王志文
5670,汪东城
5352,王梵瑞
1060108,王华峰
5603,王备
225316,王传君
5524,魏枫
1049306,汪定中
1015092,王胜
13059452,王艺龙
1073042,王进
12488150,L4WD
5388,翁立友
12488048,王广允
13056463,王梓豪
5700,乌达木
12049183,吴京
12202284,王大陆
5593,完玛三智
5781,薛之谦
5771,许嵩
5770,许巍
1132127,萧忆情Alex
5768,萧敬腾
1115075,西瓜JUN
5929,徐良
13059454,徐圣恩
1047088,小魂
1083049,夏小虎
5944,夏天Alex
1035021,许一鸣
5997,小曲儿
5782,许冠杰
5787,许志安
12145073,夏子皓
5871,许廷铿
5774,萧煌奇
5793,小沈阳
12061156,箱子君
1214021,新疆群星
1124093,西奥Sio
6040,萧全
1047348,西瓜Kune
1178126,小洲
847107,谢帝
12450235,小来哥
813196,许镜清
5767,谢天笑
5998,Xun（易硕成）
13057504,许凯皓
5769,信
189307,小右
5766,小河
5785,谢军
5777,谢和弦
12219072,绪尘
5773,谢霆锋
1005028,徐大乐
5801,小曾
5772,小柯
1018121,潇梦临
5786,徐誉滕
5875,邪恶少年EB
5780,西皮士
12000097,许魏洲
5866,小安
840106,邢磊
12261173,许歌淳一
1038353,西楼
5776,小宇
12774907,晓华
1050785,习冠
5951,小贱
784472,小人
5894,徐鲤
12250110,肖央
5806,许绍洋
12132342,徐子洋
225767,Danny_AhBoy许佳麟
5775,熊天平
5810,徐嘉良
5849,谢东
1081202,谢雨维
1050467,谢路昊
5924,小5
979027,Ayan
1046333,小少焱
5798,小肥
13080286,鑫哥
12263331,小阿堂
1156213,徐峥
5963,小皮
12054395,熊梓淇
1049020,谢旦
1049696,老猫
12111129,希介
13056465,徐鹤尼
12166196,小艾EYE
1132686,徐云霄
1039518,小vie
13972109,肖战
186010,徐克
5788,小虫
5995,小猛
837328,许鹤缤
5897,谢天华
5795,熊汝霖
5819,徐靖博
1087660,ANK
791328,熊熊作业
6055,小臭臭
5778,萧闳仁
1064054,西山居游戏音乐
6050,小灰
6006,小茶
12214065,小帽
174009,谢震廷
1113051,许含光
6066,杨宗纬
13058503,尤长靖
6068,杨坤
12448205,永彬Ryan.B
1079074,余佳运
6290,音频怪物
975714,叶洛洛
6211,幼稚园杀手
13056466,杨非同
1047065,佑可猫
1050364,Yee
13057508,余明君
13057509,岳岳
4903,尧十三
6075,庾澄庆
939088,易烊千玺
13899303,杨和苏KeyNG
188735,于毅
12378044,杨搏
6085,阎维文
956206,岳云鹏
6208,炎亚纶
6070,游鸿明
6076,俞灏明
1156283,于荣光
6288,颜小健
6107,易欣
6100,余文乐
844123,云飞
6094,叶世荣
12468212,杨晓川
1038053,颜韵Ycy
6098,叶启田
13791380,妖蝠
1047223,玉璇玑
787025,杨栋梁
1054173,杨洋
12074471,于子将
6091,宇桐非
12487045,尹毓恪
6443,印能法师
1158062,养鸡YoungG
6084,杨嘉松
6099,雨天
6092,亚东
1078374,伊丽莎白鼠
6067,尹吾
12975701,盈妹妹
13057507,YiF张艺凡
1024313,余枫
1132938,月代彩
824125,尹熙水
6079,言承旭
6240,于魁智
6097,叶振棠
6072,永邦
947031,于嘉萌
12074935,袁弘
813378,约瑟翰庞麦郎
11991172,云天_Cloud
905413,于
13056468,于斌
13057505,杨羿
13057506,叶泓希
12369048,杨琨
12474633,杨梓鑫
6359,亦勋
736013,YoungQueenz
6065,郁冬
1039555,鱼果
6108,叶文辉
808050,杨炅翰
12615040,一盛
6145,尹相杰
6363,袁成杰
1182573,叶祖新
1046018,余柯
6156,杨洪基
1039073,岳伽南K!yo
1193417,于朦胧
14118414,优秀少年好好
12263502,夜未央
6242,Y Lam
12202288,杨子
6116,尤大淳
976004,牙牙乐
6171,郁钧剑
1064070,叶健
1132770,yocho
12048127,杨W
6120,袁小迪
12046331,杨烁
6071,杨培安
1063217,印良法师
1047252,袁接伟
12441085,杨旭
12219142,雅阁陌迁
1019376,杨学
820376,易思宏
6460,张学友
6731,赵雷
6457,张国荣
6472,张杰
6479,周柏豪
6453,张震岳
6452,周杰伦
6462,张敬轩
6454,张信哲
1038040,赵紫骅
6469,张宇
980025,周兴哲
12120150,朱星杰
6652,周传雄
13057513,朱正廷
13057511,郑锐彬
6456,周华健
1030001,周深
13058505,周锐
6473,郑中基
6730,周汤豪
1146108,朱贺
6487,张智霖
13058506,周彦辰
12151013,朱一龙
6491,郑伊健
6752,郑建鹏
1032247,赵钶
166016,张赫宣
1047015,张艺兴
1085116,张希
990177,赵海洋
6480,张栋梁
816103,纣王老胡
6459,张雨生
6458,郑钧
6729,赵照
6681,张翰
6495,钟镇涛
6474,钟立风
6468,郑智化
6464,张卫健
6463,赵传
6936,张北北
6470,郑源
1049983,张一山
1049276,知性的小方块
952073,赵烁
6498,郑少秋
1047257,中华
961075,赵泳鑫
13059458,左叶
6455,张楚
6520,张振宇
6467,左小祖咒
6670,左宏元
6725,郑国锋
171008,朱梓骁
6483,赵鹏
794076,张宇桦
13972443,泽亦龙
6488,张过年
6891,赵英俊
1132738,张磊
6461,周云蓬
6476,张智成
229274,郑海龙
6982,祝贺
6481,张洪量
817016,张静波
13056470,张奕轩
13056471,朱匀一
1060061,郑冰冰
6494,张镐哲
992001,张阳阳
187624,Q.luv
1078020,朱强
1078291,翟
1023288,郑子威
6661,周志华
1084119,张晏铭
12152019,张力夫
1071044,张渠
1043044,中国放碟者
12369107,朱兴东
897170,朱克
6501,张明敏
1039550,张思桐
6509,赵季平
7032,钟一宪
1097002,詹昊晁
10704,赵鑫
1018074,张尧
13056469,张达源
939083,郑俊弘
954410,周三
6734,朱铭捷
1049200,周星驰
12154356,张穆庭
6504,周定纬
7122,阿肆
768208,AGA
188558,Aki阿杰
7063,A-Lin
7061,阿桑
1049681,阿细
7076,阿兰
7095,阿鲁阿卓
7138,安九
1083080,AlmiraAlim
7100,阿悄
12457016,安悦溪
167006,艾怡良
7067,安又琪
27888530,安芷仪
7117,艾歌
1047035,安蕾尔
12073210,ARIS
784444,艾菲
7074,安琪
7083,阿轮
1073068,阿木宇梅
7120,安琴
7066,艾敬
1047213,Asat
7085,艾雨
7070,爱戴
7064,阿雅
12098013,叶雨蒙
7080,阿佳
12896122,A.LOVE
7065,阿朵
7062,aniDa
7060,安以轩
7118,阿斯根
7115,阿斯满
12487130,安妮
7097,Angelababy
7077,阿幼朵
12262110,阿紫酱
1053195,阿栀
7068,阿果
7105,安心亚
7073,艾心
12870621,艾格
1124458,奥云格日乐
12170037,Anpu
1032110,艾晓琪
7116,艾丽雅
7098,Angelita Li
223040,敖都
7103,阿T那
7075,艾晴晴
1124124,阿妍
7110,艾莉莎
992027,Anna Liu
1101117,ASUKA
1080121,安歌
14471206,阿瑶stin
12561006,安那
7096,爱慧娜
905823,安晨妤
7071,艾青
13972129,艾贝拉Bella
27695853,ALL-RANGE
7069,阿丽玛
12136045,AlexiskWong
28387476,爱烂漫
12467116,艾丽娅琪琪格
7093,阿木乃
12061121,安顺雨
1028203,阿喜林育品
7089,阿雯
1084057,AC娘
12320212,aoi@香菇她妈
7078,艾梦萌
7081,艾俐
7101,阿莲
1031037,安俐娜
1032400,安娜
1190150,爱纱 (AiSa)
7082,Amy Mastura
7102,阿贝
7099,Astor Fong
12202546,阿妮桑
7072,阿紫
7079,鞍安
7108,阿美
14469163,阿妙
12335194,安娜伊思・马田
1015413,黄安安
12090100,阿爆
27693296,安之若素
12552450,Anonymous
15023158,爱笑的雪莉吖
1135214,阿索
7156,AGG
7142,阿Vane
12035019,阿紫
1156027,安瑞甜
961358,不才
7169,比莉
7200,本兮
7191,白冰
7201,白晓
1047427,白百何
894035,Britneylee小暖
13971119,卜冠今
12103042,包包.suyi
12828308,北岛诗
7158,包美圣
7181,冰淇
7159,白雪
11973040,冰冰超人
7189,白若溪
7162,本多RuRu
7157,巴奈
7160,白光
996332,白云
886208,毕夏
7144,白婧
7175,巴哈尔古丽
7192,白安
7166,柏安妮
1078051,博嫣在旅行
7195,冰弦
7185,蓓丽
976210,白桦树娃娃
7170,包娜娜
1054137,边巴德吉
1097160,半刃初蓝
7172,柏文
979080,拜尔娜
7167,巴桑
797151,巴桑拉姆 
12023562,贝贝
1063116,包萨仁高娃
7161,鲍翠薇
7171,贝贝
1046066,卜小可
12176238,Bella
7178,白冰冰
7184,巴雅尔其其格
7174,白虹
7188,白晶
7207,巴姆
12062106,白荷
13581186,
840086,包晓云
12603258,白鹿
7186,宝玲
7194,鲍蕙荞
12576094,贝影
12993080,毕文婷
12107182,卜星慧
7163,宝罗
1156174,Bella.芋头
12209035,百灵
1041114,白尔雅
12250204,包晗言
7202,白雪
7165,碧娜
7176,宝佩如
7173,白嘉倩
7164,巴度
1132806,白文文
12213276,柏皎
1174030,BING
7209,白茔
7180,鲍正芳
7193,白杨
157651,蓓蕾
12033053,白萍
1033010,千幻入梦
927026,白雅彤
12290226,邦妮
7187,斑斑
1032198,Babara
203207,白歆惠
13278223,宝蓝
13227046,暴走萝莉
1046487,bq就是BQ
791410,布布
1147031,白雪
13579142,白鹿墨缘
7168,白紫
7199,白嘉莉
12385104,柏雪
12073384,毕兰婷
7204,白尔
1047331,白芳菲
999218,包蔓
975370,不装盐
896733,碧瑶
912032,半夏
7205,班嘉佳
12046921,柏梅
12335267,卜卜
7203,白雪
14056275,宝儿
1007170,陈粒
7214,蔡健雅
1053026,曾惜
7409,岑宁儿
7219,蔡依林
7225,陈慧娴
7235,陈慧琳
7217,陈绮贞
8321,陈芳语
7439,陈洁仪
13161063,陈秋含
973004,程璧
189347,CRITTY
7215,曹方
7220,蔡琴
1003026,茶理理
7481,崔子格
861203,陈小熊
7419,崔天琪
12097022,程潇
7224,陈淑桦
7221,蔡淳佳
7647,陈嘉桦
10763,曾沛慈
7228,陈瑞
951001,陈梓童
7227,蔡卓妍
7486,陈僖仪
7216,陈珊妮
7346,陈小云
7424,程响
7233,陈明
1079020,凑诗
7266,陈苑淇
7342,陈韵若
223780,陈每文
1172029,池年
12416055,崔阿扎
7244,陈洁丽
7298,陈晓琪
7363,陈柯
791100,陈姿彤
1146112,曾婕Joey.Z
203161,曾之乔
7242,常静
7461,陈力
7286,车婉婉
7234,陈琳
7236,陈明真
7226,陈悦
1049131,陈意涵
12062139,曾咏熙
1047211,曾小Cee
13046127,陈忻h
7483,陈思诺
7237,蔡幸娟
7402,次仁央宗
960004,陈一玲
1141009,岑日珈
7248,蔡秋凤
1164045,曾咏欣
7232,陈松伶
7524,陈妍希
7273,陈诗慧
1038331,王熠熠
7218,Corrinne May
10570,曾淑勤
7259,陈思思
7308,陈红
7395,蔡文静
7264,陈雅雯
1089157,柠露
12326211,蔡佩轩(Ariel Tsai)
7240,陈倩倩
1042003,陈慧敏
1004008,陈
7371,曹芙嘉
7262,陈慧珊
7291,陈文媛
7284,陈影
7238,程琳
7379,常艾非
1039897,穿越君
7399,陈娟儿
12145017,曾大块儿
10660,曾路得
27694755,陈意涵
1047289,醋米
10905,曾静玟
1045013,YEHAIYAHAN
1039021,曾楠
7280,陈盈洁
7288,陈思安
156357,崔萍
7281,成方圆
7515,陈思涵
7255,陈艾湄
7278,蔡龄龄
12475317,陈小硕
7258,曹颖
7570,邓丽君
7535,戴佩妮
7537,邓丽欣
7600,邓福如
181007,窦靖童
7591,杜婧荧
13610051,DJ舞曲
7538,戴爱玲
7541,董贞
12900544,窦佳
10711,邓瑞霞
7548,邓颖芝
12492619,弹唱小蓉
12806014,东方晴儿
9727,呆宝静
7544,董文华
999451,DJ Soviet
7534,丁当
7536,丁薇
7620,段丽阳
7542,戴娆
7540,德德玛
7590,丁爽
13044078,大冬
1038231,Doris小武
1038330,DJ小星星
1046217,大包子Dabozz
985006,豆子糖
7553,戴辛尉
27695965,嘟嘟姐晶晶
166033,丁丁
8093,东方红艳
7597,邓芷茵
7592,邓涛
7612,段林希
12108770,迪丽热巴
1039917,DJ曾经
7631,丹巴旺姆
7549,杜丽莎
7550,戴梦梦
166035,带泪的鱼
12047158,大娇娇
12097087,黛米
7585,德乾旺姆
7545,段玫梅
14469457,Dani
7589,丁红
7546,杜岩
7551,迪里拜尔
14712067,单艺
12872139,丹Sir
704012,叮当
13642178,大神慧
7552,董沁
7547,邓妙华
12145095,杜美娜
7614,代悦
7587,邓玉华
9414,单秀荣
7580,段银莹
976291,代茜
12475153,达娃卓玛
741116,邓雯心
7539,黛青塔娜
1049339,东方栀子
14470545,杜雯q
817162,单夕
7606,Dechen Shak-Dagsay
1004085,大若
816410,代梓琪 
7605,董璇
168016,大山
12251309,邓文怡
7626,豆豆
7557,丁菲飞
1116330,毒药
1081796,董雪婷
7576,达坡玛吉
12998471,呆晴 
1097019,东方依依
9376,单雯
7559,丁小芹
7543,丁文琪
12533721,邓滢滢
13581185,邓莎
7593,邓小巧
7630,董洁
7563,杜雯惠
7565,刀妹
9404,单仰萍
7562,戴蕴慧
1039784,大H
7619,丁酉酉
7571,大灿
7596,董育君
797130,单丹
7582,嘟嘟
12143071,豆桑
7595,丁晓红
1081635,二珂
12976783,二嘉
790026,Evin.柒
1041100,二直
12046954,Erika
1043193,贰鱼
7645,鄂尔佳明
1132666,EYLICS
14099262,娥子
1102228,二米
1180043,尔玛阿依
28897457,恶魔
7646,尔玛依娜
7649,EKEE
30024242,Emma 
13498161,Eva
30530224,二薇
942001,贰哲
12107534,冯提莫
203162,方雅贤
7651,冯曦妤
7652,范玮琪
7730,绯村柯北
1043310,千界
7662,范晓萱
7667,凤飞飞
7713,樊竹青
797269,方糖泡泡
7653,傅颖
12212046,范媛媛
7680,樊桐舟
11974075,冯佳琪
7665,付娜
7654,方季惟
7657,傅佩嘉
7738,Finale
7668,方皓玟
7675,方芳
7709,范琳琳
7705,付梦妮
7658,范文芳
7664,方文琳
12441367,Faye 飞
7655,范冰冰
1132405,方圆
7752,Febmor
7720,傅锦华
7660,冯玮君
1132167,KuRy颜酱
7656,法蓝
7672,方丽盈
12108959,付春霞
12131582,方琦
7685,方瑞娥
7702,范世琪
1047048,范小蛙
1150307,Fran
7725,冯欣蕊
7718,方琼
854750,方雪雯
7728,冯圣雅
1047430,枫影儿
7670,范上娥
1005038,樊玲
7719,冯欣慧
7722,范怡文
7749,方亚芬
12419108,夏云竹
12463434,风语
7744,Febe
7661,冯颖琪
7663,风中采莲
7741,方圆
12555391,方艺谚
7712,范蓁蓁
7707,冯健雪
1080031,范小倩
7682,方怡萍
7669,方丽仪
223700,冯丽媛
7732,方心美
27693342,樊韵儿
1074106,方琼妮
1137114,Fergie飞机
1124367,绯儿
7691,方伊琪
1050159,芳蓉
7674,方子颖
991217,Fran
7698,浮瑶
7739,方初善
13023059,方迩羲
7659,傅薇
7748,方小菲
7727,方宥心
7681,方晓青
11994031,冯家妹
7758,方艾琳
7684,费星
7666,符琼音
7733,范海荣
12046852,方妍
7688,范媛媛
138672,方逸华
28898359,方泳湘
7726,费坚蓉
12096333,方丽儿
7723,菲儿
7687,范玮卿
1035025,付曼
7693,冯宝宝
7696,傅天颖
961182,方少珊
1033011,福朵朵与拾荒乐队
12817021,疯格
7717,芳子
27692352,傅菁
1026124,fifi
7763,G.E.M.邓紫棋
7762,郭采洁
816358,高姗
7768,关淑怡
7777,高胜美
7864,关诗敏
7760,郭静
7767,关心妍
7837,龚芝怡
1061047,过又嘉
7779,高慧君
7866,龚淑均
7783,郭美美
7771,龚h
7780,官恩娜
986035,葛雨晴
7378,郭燕
7834,格格
1150075,关晓彤
7785,龚琳娜
7807,甘萍
12309137,高梦谣
14313379,高丽馥
908167,格子兮
8320,葛仲珊
7781,郭兰英
7773,关菊英
7862,谷微
7839,关颖
7843,谷建芬
820308,桂雨
12186013,桂莹莹
7810,顾媚
7764,关牧村
7784,郭嘉璐
12301012,高丽霞
12458174,郭欣桐
7845,郭玲
7782,古璇
7876,高晨薇
12895024,乖白
7824,郭书瑶
7791,郭美孜
1049250,郭妮
7874,贯诗钦
7772,郭易
7795,郭乔伊
7789,顾莉雅
28083376,高隽雅
7799,关之琳
28389489,Grace
156377,葛兰
686027,干露露
854289,耿巧云
7861,郭欢
7765,龚诗嘉
7858,龚秋霞
7796,葛洛力
12097107,郭宴
7877,弓秀丽
1064018,孤竹翊
7883,龚隐雷
12493255,鬼鬼
854292,管波
12436072,龚爽
7870,巩俐
7812,官灵芝
7793,甘雅丹
12107038,郭飞宏
7833,Gloria Tang
11999082,郭涛
166028,古筝
7836,歌者森
7906,郭慧敏
7801,谷祖琳
12053098,郭娅丽
11986017,葛荟婕
7814,郭淑珍
7774,龚柯允
7819,葛瑞莲
7832,杠宝
1046252,岗嘎措
915005,郭燕妮
7823,高菲
1047323,龚蓓
1054157,尕尔迪
1049014,顾盼盼
14512460,郭雪芙
7835,格桑达娃
1047143,顾瞳瞳
7802,高茜
1050164,歌手王可儿
7776,关燕仪
15251040,顾柠
7821,桂纶镁
858378,郭一橙
12441043,高咏梅
7880,高翊馨
7847,瓜尔加
7775,高以爱
8103,花粥
12947071,胡66
27693474,火箭少女101
7907,何洁
7898,HITA
7890,黄龄
7891,韩红
7896,黄小琥
12098150,贺敬轩
28389406,火箭少女101段奥娟
7912,韩宝仪
8022,何曼婷
1192131,韩旭
7901,黄雅莉
7931,胡杏儿
7894,韩雪
7993,海楠
7903,黄莺莺
7920,何璐
1026069,花僮
1021056,胡杨林
1048023,花世
7935,黄伊汶
7946,黄绮珊
7905,韩晶
805488,胡莎莎
1015463,胡艾彤
7995,郝蕾
7919,黄琬婷
976095,黄d玮 Zooey Wonder
7944,胡雯
7998,杭娇
8107,黄美珍
8062,灰色
964292,黄婧
13227448,HAMY何美延
7924,黄宝欣
14885023,花玲
8044,何雁诗
7922,黄江琴
8006,黄英
7893,黄韵玲
7959,胡静
12073702,花近
7902,哈琳
7958,胡灵
1045082,AHeeWang
7932,何婉盈
7895,侯湘婷
8029,洪辰
12388037,韩丹彤
7925,胡琳
12164015,胡定欣
7917,何嘉丽
7897,黄淑惠
7914,黄乙玲
7892,何真真
854455,黄宇希
7916,胡蓓蔚
8009,黄灿
8039,哈辉
7964,杭天琪
7923,黄思婷
7982,何静
7921,何如惠
14099603,花姐
7965,黄奕
8109,杭士I
7900,黄慧音
8115,哈布尔
8017,胡芳芳
7972,衡越
7887,何欣穗
13497194,火线妹
1047301,红料
7936,何伶
861226,黄晶
27692219,韩玖诺
7888,黄小桢
1047385,何伊冉
8112,胡丹丹
849066,蛤小蟆
8100,侯莉君
7128,黄佳佳
7934,黄圣依
1043053,何Z昕
8011,黄婉婷
12335239,胡可
27694750,何韵
1038350,四四
8086,何艺纱
8067,哈斯托娅
7910,何耀珊
8066,贺世哲
1146057,胡拾梅
7911,黄妃
7939,胡美仪
7941,何俐恩
7997,胡晓晴
7899,韩真真
1047209,IRiS七叶
13972144,ikun安心
29961284,Irina
12263155,Iris安
30111247,Irina Flow
1080043,Aribex
893259,金玟岐
1071031,Jam
12347360,JC陈泳彤
8259,金莎
1032298,鞠婧t
12262634,季彦霖
8281,金南玲
8151,金海心
8153,江语晨
166018,吉克隽逸
8147,江美琪
8220,江映蓉
12130015,蒋瑶佳
8170,江珊
8162,金池
8229,JW
1039270,井宿
1108099,Julia Wu
1066136,JUSF周存
8332,降央卓玛
8234,蒋雪儿
12859049,佳利
8155,江一燕
1015649,J.Arie
8163,江蕙
1047384,纪川久
9154,瞿颖
12043068,蒋欣
952093,贾玲
12273317,菊梓乔
1097156,JUDE
976213,寂悸
8205,蒋倩
8157,江若琳
8149,伽菲珈而
8214,金美熙
8245,金娃娃
8243,金铭
12545030,江轩
13058516,江疏影
8242,蒋小涵
8176,纪如Z
1047069,金琳
14468176,蒋道理
8156,江淑娜
10247,敬善媛
12250146,金雯昕
8289,金伶
8152,贾立怡
8210,景甜
8256,涓子
12492472,荆纯
8257,江蕾
8165,金素梅
8146,姜昕
8238,蒋婷
8177,纪丹迪
27694330,杰妮
1047261,江子修
8160,江希文
8226,蒋卓乐
7143,蒋姗倍
8201,蒋嘉莹
12504167,贾添
905705,剪影姐
8164,蒋丽萍
10107,解伟苓
29303239,靓baby
690001,家家
1049568,贾孟昕
1047362,九渊
1047338,吉特巴
985322,贾婷婷
8166,金佩姗
8158,姜小青
1081757,蒋婴
8196,嘉琳
8224,姜宇清
1039386,Jenny伊
1060045,京晋
8218,金玲
8183,姜婷婷
1050171,简里里
12068043,蒋钰华
8274,贾静雯
8150,纪晓君
8251,纪文惠
8174,江玲
12049078,姜姿伢
12154070,金钰儿
15021242,叫宝宝
12292517,叶菁菁
8208,鞠秀芳
8255,金永玲
8223,金曼
8171,金瑞瑶
1097007,Jeannie Hsieh 
1064013,姬楚楚
1164019,江玲
8207,静婷
8304,邝美云
1047179,括号君
8291,侃侃
1096076,可泽
8298,柯以敏
13163285,卡小卡
844760,Karey天天
189833,可歆
12995419,柯子颜
15022268,KUNS_Radiance
13227493,康m
837334,凯蒂・莉莎
8312,孔莹
8301,可晴
12036070,可可
8315,可儿
1043475,柯泯薰
15022267,kuns Fairy守护站
8316,K娃
8294,柯佩磊
12138430,KAKA
8296,柯以柔
12302273,匡桐菲
12892084,卡伊拉
1094112,SukkiTu
13110849,Karencici (林恺伦)
12251197,KAMA
8295,可岚
1124319,科尔薇
12095163,恺乐
15059542,可乐就是力量
868132,KeyKi
934062,可心
8300,苦菜花
8292,康净淳
1156187,孔兰兰
791147,可艺
8293,邝文
1044148,孔宪孜 Kyrie
8311,柯庭燕
1120016,K娜
7502,Kylie Choy
8297,孔兰薰
8318,柯美利
29490400,Kiya余霖子
12136040,可儿
1085090,苦荞儿
831546,柯佳青
8303,可佳
8322,孔子雯
8299,况明洁
8308,kayi大头佳
14469143,咖妃
12332282,Kara
12036024,卡丽妲
1039758,孔令晴
29490313,Kenneth
14098079,KinmiDai
13972413,酷七
1001007,康澍
30446697,孔莲波
31153447,King菲
27693797,孔德x
30903259,空谷幽兰
15023153,康婵玉
29490415,康芮
14713041,孔珍
29238347,康妮
12506161,柯梦婷
28103283,柯琴琴
12151021,孔媛
27696035,空杉
31053232,柯徽
15249067,kiki
30616240,凯西Cathy
14711123,孔筱丹
30528408,Kelly 家蓁
12098015,寇丹
30315424,咖喱咖啡
789431,康苗
27695360,孔译晗
28361234,康佃云
12440064,柯秋雅
13839118,康瑞莹
12363016,卡普普
1040022,kenny兮儿
12218192,客家妹子燕琴
8306,孔令怡
1087696,可可薇娜
961104,Katarina Garcia
840134,刘瑞琦
8336,林忆莲
906118,洛天依
8326,刘若英
8325,梁静茹
8334,刘惜君
1047282,泠鸢yousa
918054,刘珂矣
8327,李宇春
8330,卢巧音
8329,梁咏琪
8753,李佳薇
1102240,乐正绫
12176360,刘增瞳
8353,李翊君
1137391,雷雨心
893253,鲁向卉
1048004,林斜阳
8678,李悦君Ericaceae
1124151,刘柏辛Lexie
8665,连诗雅
8341,刘力扬
8331,李玟
8687,林二汶
8391,刘小慧
714027,娄艺潇
8328,蓝又时
784453,刘思涵
8434,雷婷
704004,刘涛
8358,黎瑞恩
8378,李玲玉
1047130,李想Evelyn
8614,李霄云
8653,李幸倪
8763,丽江小倩
8345,李丽芬
784452,林采欣
896457,柳妍熙
8677,梁心颐
12997045,刘初寻 (二逗)
8335,林依晨
8344,刘沁
8350,林凡
8711,龙梅子
837653,李柏凝
8366,林志美
8627,罗震环
12142097,刘明湘
8385,李蕙敏
8333,林晓培
8700,李昊嘉
8583,梁一贞
8452,吕雯
12783100,李鑫玲
8384,林姗姗
8337,梁文音
8364,龙飘飘
8449,林玉英
8338,刘亦菲
8323,雷光夏
12108945,吕蔷Amuyi
8355,李娜
12074932,洛萱
8873,刘丹萌
12620112,李一桐
8402,刘嘉玲
8750,林和夜
8375,罗忆诗
8386,黎姿
954247,蓝色百合
8512,卢凯彤
12998452,萝莉大大
8416,李殊
1039154,李沫萱
8362,林心如
188337,李潇潇
8739,流月
12108576,刘晨熙
8349,李谷一
8550,林翠萍
12541056,泠风
8648,刘忻
1049151,凌之轩
8635,林志玲
1014019,刘惠美
15021124,莉哥
8324,李慧珍
8469,雷佳
8404,刘佳
8399,李尤
8413,厉娜
8374,刘紫玲
8757,廖语晴
28897455,Lydia
12976778,林允
12007278,粒粒
8626,林妙可
8735,李佳璐
8407,林淑容
8926,莫文蔚
1038099,毛衍七Vava
8918,梅艳芳
8921,毛阿敏
9026,冥月
8922,孟庭苇
8930,玛莉亚
8916,莫艳琳
13498785,M哥
8979,麦家瑜
9031,梦ZSAYA
8993,门丽
8920,马郁
8992,末小皮
9039,梦然
12091129,孟慧圆
649505,孟佳
1032022,莫安琪AngelMo
1088106,木紫紫
14714156,猫女林
9019,莫凝
1050400,林伊婕
12006156,沫沫酱
1024320,茉茉天空
1007158,毛泽少
8934,曼里
1124291,莫倪moni
13222377,马思纯
1081251,「么凹」
12091165,缪以欣
9001,麦琪夏禾
1047235,孟萌
8997,慕容晓晓
1132178,MusikM
29488421,马伊P
12144110,Mandy
13972281,马马
8952,苗圃
8925,米线
13838174,莫籽
12408287,Mickey Huang
8935,莫尔根
9016,Moe刘h
12202482,梦雪
8944,缪晓铮
8999,孟蕾
961096,马沂茹
8927,麦洁文
735044,马剑芬
8931,孟楠
1032409,梦寒
12629342,Maggie麦
8928,闵惠芬
1039860,沐雪晴
1053041,Monica不不
12354071,Mc杨依
1043366,缦珠莎桦
188035,马璐
12006234,梦苇
12176172,孟媛
8982,马吟吟
12262328,宓姝
8917,马格
1044216,莫露露
230484,马琳
12810146,梦柠
893592,莫龙丹
12311481,MC安可儿
8923,玫子
8961,马玉涛
1081646,么么
8946,毛珂
12260280,MC梦桐
8976,缪莹
8966,梦鸽
1124056,美霖
12232092,马丽
177079,梅子
9030,莫熙儿
14884056,缪如婷（1022）
8947,马蕊
9028,莫君倾
7149,莫小滢
29151353,蜜桃学妹
1048043,梦洛伊
1046025,Lonely
9041,Miss D.D
12041050,马雨梵
8985,马兰
8940,马小倩
12556233,马昕
1049455,米粒
8994,C
8933,慕容萱
8983,妙子
1026033,马向华
12121352,张若萌
8987,马小郡
12475379,MC大云
12475693,MC妹儿
9061,那英
12263033,纳兰珠儿
687013,聂薇
9055,倪睿思
9083,纳兰
15022294,NaCl盐
1087531,{m落雪
1032272,鸟爷ToriSama
9082,娜日
9081,宁静
12073182,牛奶白
9062,倪雅丰
1147055,娜宝儿
9056,Nana
9890,妮那（Nena）
12034054,妮妮
9068,娜仁齐齐格
12132071,南表妹
15023013,你先走我殿后沐沐
12809126,柠檬茶
12073095,娜木拉
1077037,ambernini
1049438,念蓁
9067,诺尔曼
9074,倪尔萍
9066,南妮
28103445,念阳凡懿
9070,倪纯
12141065,倪尔萍
28103531,宁子
1124504,郭沛茹
12036067,楠楠
784350,Nona_Q
9053,聂枫
9064,聂琳
1094028,那广子
1046146,Nangolie
1058038,年姐儿
1085005,过气小牛奶
1087795,聂诗
29357236,匿名情书
9086,倪微晨
12090083,牛牛
1039210,南玎NAFISA
1053098,聂伊菲
1182163,诺诗
12036014,诺诺
9080,倪珈
27692403,奶黄包
12121304,倪梓悠
12036065,南湘
12334194,霓娜
9049,倪敏芝
9054,倪虹洁
955224,NJ小麦
27692443,闹闹
1049194,Nicole
9085,宁可
9079,Nicoco
12273309,南铃子
1091011,NIKO
1083021,Nara
28085309,Nike Chen
12151023,妮妮荩苒
9052,哪吒在此
9059,娜布其
9076,奈儿
9060,宁零
13222073,倪辰
9063,那娜
12213116,娜丫头
12175311,牛欣妍
1032259,牛帛媛
12468325,聂楚桐
31047267,糯米团子
31156285,娜美
30531307,女神婷
30528285,Nop
30109711,妮楠
28900425,宁菲儿
30107323,牛姐
28085373,乃文娟
29490447,女王婷
15021285,倪家燕 
13158035,娜拉
14041165,牛艳丽
12506851,楠歌
12931565,女神下午茶
12270719,Namei 娜美
12274237,牛晓迪
12219055,Natalia Ng 黄彩玲
12121317,娜样子
12090135,诺言
11977057,妮蔓 
30109730,妞妞
9065,New York Jazz Quartet
30109702,宁娟
30616540,楠艺
15248074,楠艺
30110360,宁艺艺
9094,Olivia Ong
9103,欧阳菲菲
1087140,欧阳娜娜
12301023,欧阳朵
12053011,欧姐
9087,欧倩怡
9100,欧阳雪
9093,Odding
9097,欧阳玲玲
9096,欧阳铭芮
13056628,One day-93加油站
1047438,欧阳夏丹
977048,only胡迪
1135203,Oioselen!
1191108,欧欧
9092,Orulico
12230015,欧阳莎莎
991051,loser_XC
9099,欧阳明琪
30110460,欧阳来琴
13227011,欧咏怡
30615566,欧阳贝儿
1050255,OnPound
12121134,OUR
27693337,欧雯
1193422,OwlMan
12074609,欧阳英姿
9102,彭佳慧
9106,彭羚
11975104,Pig小优
12523504,潘紫妍
9105,彭芳
9108,彭丽媛
9128,彭丽丽
9104,潘美辰
9112,彭家丽
9109,潘越云
9147,浦琦璋
9113,彭清
9132,彭青
1088115,Padalecki小明
9143,破音
9126,潘辰
962431,彭野
9114,潘虹樾
9129,潘秀琼
1043485,彭筝
9131,彭雨菲
9118,潘军
9107,潘嘉丽
9136,PADA
12132190,PINAR
9111,潘迪华
1047379,潘倩倩
9140,裴紫绮
9101,彭靖惠
12903497,Papi
691004,彭雅萍
9121,彭海桐
9146,潘莎
9149,潘娥青
9120,潘仪君
1019016,潘小芬
9110,潘阳
12279939,彭美琪
28391403,潘霜霜
9135,潘玮仪
12024295,彭丽嘉
9117,彭莉
12073609,浦洁
13924074,PYC
12636887,彭琦
1064046,潘怡慈
31094427,彭心雨
787055,彭雪
1032187,蒲紫薇
9119,潘儿
9127,彭超
9150,庞静
9116,潘丽丽
1039564,飘雨了
12263888,朴惠子
12408235,潘羽霏
9124,品月
1039443,杨青P.A.M
1189081,盘欣蕾
1120031,泡沫
232483,潘清华
9115,彭春霞
9123,潘丽莉
9151,佩希
1039568,彭彭
12213293,潘伊琳
9130,彭家儿
9122,盘琴
1046143,Proud Queen
12131166,飘飘
9133,彭恋斯
12475442,平婷
9137,潘千芊
12144123,潘惠茹
12621100,潘柔邑
743254,裴育
31064228,苹果妹妹
30615234,沛琦
30618588,葡萄
30107794,庞逸宁
30615336,苹果姐
28387274,彭妮
30110348,潘淑芸
27694734,飘飘姐
30035248,飘零的秋菊
15251030,潘婉芬
28387488,蒲萄
13705562,泡小椒
12468152,彭天琪
13228250,盘思婷
12262800,裴亚荣
12262790,潘倩
30618349,潘大曼
12176086,潘紫萱
30616577,潘悦晨
1120010,胖胖
30615409,Panda猫
996090,裴妍雅
30415225,潘芳
936026,彭丰
9178,曲婉婷
12285030,秋仁
9203,戚薇
189577,祈Inory
1047014,清弄
9167,齐豫
12108537,庆庆
1046506,晴
9090,区文诗
9197,齐栾
12108564,圈9
9156,裘海正
13642185,球球
9199,圈圈宝贝
9161,千百惠
1049443,祁紫檀
9179,曲锦楠
12042059,乔欣
203172,秦岚
12766324,秦洋
1047188,倾夜
8193,全ZZ
1015636,千年破晓
12150027,囚鸟
9160,丘采桦
9164,钱薇娟
9192,清莞
29488331,曲一婷
1024311,秦宇子
12131157,乔玲儿
1021217,清响
947043,青雪
1050483,秦兽
9153,勤琴
30891245,芊蔚
9176,乔维怡
1027046,巧千金
1081285,青子
1081748,PEACHYOI
28390227,秦晓林
9224,齐雅
9186,琪琪格
9157,青儿
962286,齐浠儿
9208,邱芸子
9217,曲旦卓玛
9194,邱绮玲
9172,曲比阿乌
234856,钱惠丽
9202,曲丹
9158,琼雪卓玛
12175301,邱敬婷
9152,秦海璐
15248010,邱斯琛
12229028,乔乔
1003075,屈慧
14998021,晴子萱
1039655,邱岑
9190,其其格玛
12082216,清清儿
975786,琼英・卓玛
1081549,谯帆
1081955,曲家瑞
9180,琼雪晋美
9173,钱贝妮
9171,钱幽兰
995016,轻檐
844106,圈儿
9188,清风
9215,邱兰芬
1043196,芊芊
1137379,丘童予
9163,邱晓`
9216,祁晓婷
9201,秋秋
1064115,圈Etta
12131629,丘钰婷
896723,曲言
1180117,邱翠雯
29148234,乔诗涵
832267,千月sunny
818264,强迫女孩
1049287,漆亚灵
12948352,晴子
9204,曲云
9169,邱心仪
9042,乔毓明
12544712,球球
9200,秦齐悦
1049180,裘芝
9219,七街小屋
1098111,齐亚男
9196,钱红
9181,邱怡妃
9185,七堇年
804129,邱伟华
27961677,邱佩淇
223535,倾城
9189,曲尼次仁
9255,任然
9269,容祖儿
1054159,任素汐
9438,任家萱
9236,任静
9242,任月丽
1192130,Rita黄汐源
1083010,Ramila_Rozimamat
9225,芮恩
768224,任妙音
9229,任洁玲
1054149,任韵淇
1004100,RE
9232,如梦
9234,任真
1047005,任盈盈 
791342,若紫鸢
29500324,Ray Wu
9247,任剑辉
9262,Riyo橙
1087826,阮妍霏
9250,任桂珍
9227,阮丹青
9228,任雪晨
12390061,任舒瞳
9245,任芳
12048113,RELLA
14098064,芮甜甜
9226,任天鸣
1106089,REI泠千夜
9238,任飞
10860,任祥
13643088,阮禾茜
12191261,容儿
12468022,任卓君
9256,饶燕婷
1070055,renyi
9253,任|
9268,瑞雪
1019343,如夏
9266,任曦
12463406,蓉儿
1039896,Rachel Chang
9237,冉雯
9257,仁钦卓玛
12475189,任蓓蓓
12493356,容舒
1087108,任玲 
980066,任倩倩
1150132,茸芭莘那
13486090,任月
1192106,任静
9264,任奕霏
1043185,riza
9254,热们泽
1049219,任烨
1191038,戎琦
1137196,任思谕
13935076,RayRay
27695353,芮萌
15021199,若离
12049150,任施思
12976654,Rima Zeidan
28835229,任金D
12218127,蓉蓉
1049922,任镜凝
12131512,RED芮德
9230,阮筱芬
30617572,任敬
30107682,任月落
30616500,若心
13565058,日月
30615492,RU
12067130,冉艳
30471256,任滢 
12054254,蓉蓉
28103448,c无忧
990246,汝雅
14100404,瑞秋
30892255,如云
1087284,荣h萌
30450255,荣若水
904052,Ruby Chen
28359223,阮咏恩
30618473,蓉宝儿
27693715,若水兰馨
27693425,若莎
14098803,任春红
13056685,蓉蓉
12441379,任兴瑶
9265,闰格格
12301231,蕊公子
12121275,任珍
9272,孙燕姿
9270,萨顶顶
1056002,三无MarBlue
954154,孙盛希
9292,孙露
1047248,少年霜
9455,少司命
10089,司夏
1193259,苏运莹
9274,苏芮
9352,邵夷贝
12603658,孙语赛
916007,Serrini淠菽
9276,尚雯婕
9278,宋祖英
9282,孙俪
9424,苏妙玲
12803030,桑娜
9353,舒淇
1049025,孙羽幽
9275,苏慧伦
1047098,苏仨
9273,顺子
13465110,孙怡
12872097,苏子
9299,石欣卉
9390,孙紫晴
12270224,柿崽
9300,石梅
9384,司徒兰芳
9294,孙悦
9454,沈春阳
9277,Susan Wong
9380,苏勒亚其其格
1047274,山猫
9286,斯琴高丽
9369,撒娇
9459,苏盈之
9421,孙艺程
9302,邵雨涵
12878049,苏丹
9290,盛晓玫
9398,上官红燕
1038386,Shawee
12262344,珊姐
9296,沈小岑
9287,斯琴格日乐
991182,珊爷
12074825,思嘉姐姐
1124467,SNH48李艺彤
9462,宋迪
9313,苏小明
1038051,孙晓雨
1051004,宋茜
12380025,沈梦辰
1150241,孙紫涵
1039707,术娜
9271,史逸欣
27692703,孙嘉灵
13840570,十三妹
12492054,沈佳玉
12488136,舒舒
1124468,SNH48黄婷婷
9295,沈雁
9392,索朗旺姆
9283,邵容
1028028,孙欣
9291,沈丹
1049225,Sonia
1039124,史悲
9403,佘诗曼
985048,时翔云
1044023,孙羽希
29149247,SNH48林思意
28083451,邵雨薇
1086067,沈玮琦
9450,盛小云
9399,珊瑚
9280,苏曼
962307,沈依莎
9279,塞宁
12263093,索菲亚
9437,孙启燕
9338,孙淑媚
9309,沈丹丹
9316,石小倩
9449,丝国兰
9284,施艾敏
9285,宋飞
28897420,苏青
9345,孙思怡
27694720,宋梓欣
1088038,沈曼
9334,苏红
9289,苏云
12467130,思小h
9297,沈千琦
9368,孙佳星
1077074,蜀喑
9344,孙颖
9548,田馥甄
9489,谭维维
997001,兔裹煎蛋卷
9494,童丽
9566,Tacke竹桑
9488,田震
9487,陶晶莹
9504,汤宝如
935286,谭艳
9491,谭晶
5271,檀烧
9585,汤晓菲
233295,田园
9486,汤旭
1132075,昙骨
9508,唐宁
15023245,谭卓
9572,徒有琴
9589,汤唯
12487185,谭松韵
9493,汤灿
1047403,谭嘉仪
9484,同恩
9577,唐古
9561,陶辚竹
783036,童可可 
9531,唐素琪
1094178,汤晶锦
9496,唐艾萱
9492,庭竹
1038195,唐子晴
12091092,唐薇
12492257,兔子牙
1019034,田丹
9520,唐丹
9490,n娜
9524,田原
9539,唐嫣
9495,邰肇玫
973078,唐妞
860867,佟妍
9557,天时
27692718,兔小贝
9553,唐笑
187571,田蕊妮
9499,陶钰玉
9549,塔琳
1148003,陶晶晶
9497,唐晓诗
9485,童圆喻
1090017,汤茜
9519,童欣
9521,彤菲
857089,唐黛影
9581,唐俪
12008090,唐艺昕
12192146,童文沁
9550,唐俊乔
978082,婷汐
1094292,田子田
9591,唐妍
9542,陶红
963621,唐宁
12312121,唐菲
13161389,天蝎丹
12312345,天月
27694001,汤敏
9514,唐韦琪
893255,唐茉菡
9574,图桠格
9501,唐蕊
9551,童蕾
9535,天天
1028062,涂议嘉
9565,糖妹
9527,谈莉娜
1180067,桐瑶
12339012,佟佳霖霖
9575,汤媛媛
13840309,唐媛
12238015,田子晴
12229039,糖糖
9512,谭小环
1069025,铁子
9530,唐逸
905358,陶莹
9538,陶格斯
12278262,唐甜甜
1044083,陶昕然
804005,跳水姑娘
229247,谭明
9506,唐妮
999313,谭嘉惠
9541,童芷苓
28391610,覃子茵
9546,田维英
12144089,田田
12403190,兔子
9534,谭又铭
1081184,Afra
12976335,Urban Groove
1094072,Unphuckwittable
12370204,ViVi
12441210,Veegee
27695916,Vising_拼图
13485306,Venus元宝
1047290,VIVI
9602,veary
30616348,V-Girls李俊
12468106,Virginia Glück
29490360,V雅
12262366,VIVI
28900364,VW.蕾蕾
12136041,Von Lee
9603,VEDA
854017,VeraShao
9808,胜
9621,王菲
13128032,王大毛
9615,吴雨霏
9605,卫兰
9604,王若琳
9606,王心凌
13581257,王理文
12048239,王梓钰
9612,温岚
9766,巫娜
9823,魏新雨
805419,王诗安
9609,魏如萱
9780,吴若希
9774,王蓝茵
12390184,王天戈
12647583,王俊琪
9668,王婧
9765,王笑文
9635,乌兰托娅
9838,乌兰图雅
9624,汪明荃
9608,王菀之
9633,王馨平
12232132,王呈章
9620,米雅
9881,汪小敏
12861045,王逗逗
9607,王筝
1049172,吴映洁
12825329,吴缤欣
954037,汪睿
9772,王珞丹
9611,万芳
9776,王娅
9622,王蓉
9922,王熹蛮
9736,魏佳艺
12903370,绾馨
9722,吴静
12042058,王子文
9632,韦唯
12176216,文慧如
9648,吴婉芳
9613,娃娃
9762,王二妮
791411,惟安娜Vienna
9687,王麟
9751,文筱芮
166009,吴莫愁
9629,卫诗
30109252,魏小也
12047827,微笑
189907,吴昕
9694,王昌元
9631,吴倩莲
9656,韦绮姗
9647,王冰洋
12807016,魏瑾
9618,魏如昀
28102388,魏奇奇
9643,魏雪漫
9930,王韵壹
9806,王欣婷
9655,王B
9616,汪佩蓉
768306,网易云音乐
9657,王韵婵
9630,王祖贤
9781,文文姐姐
13187,吴虹飞&幸福大街
28897358,王熙寄
168003,魏语诺
9863,翁素英
9659,吴恩琪
12791013,王蕾
9842,王瑜
9809,吴文煜
12276904,汪源
9794,武曼
9779,吴琳
9671,伍芳
9678,王瑞霞
187580,王璐岢
9812,王瑞淇
9750,万茜
9712,吴碧霞
9677,翁倩玉
14882040,王菊
9682,吴琼
9646,王芷蕾
12676434,王鸥
9676,吴君如
1060056,王一鸣Iris
12074345,王亚男
9692,王思思
1046249,吴汶芳
9773,乌兰
9718,吴莺音
9940,徐佳莹
1039895,谢春花
9952,谢安琪
10142,玄觞
9945,萧亚轩
978026,徐薇
12408182,薛明媛
12532848,小潘潘
9941,许飞
9944,薛凯琪
9943,许茹芸
9939,弦子
9942,许美静
12214058,兮雅 
9968,徐小凤
1040196,许亚童
189961,许多葵
10141,小爱的妈
9938,许哲佩
12046092,星尘
9950,许慧欣
9951,辛晓琪
1085035,心华
10081,萧风
10123,小凌
905476,夏婉安
9954,徐怀钰
10135,许佳慧
9959,香香
10131,徐小燕
9963,徐千雅
10049,许秋怡
1081645,小胡仙儿
9947,萧潇
9962,徐熙娣
9960,谢娜
1025209,萱萱
10063,心然
9288,新疆美丽公主组合
1044143,嫌弃
1050651,夏语遥
710336,肖洋
10027,晓花
9949,萧贺硕
1132437,夏凌兮
905891,徐菲
9975,希莉娜依
1078056,夏羚雅
9969,馨予
13194143,小雪
9957,徐洁儿
12403118,徐歌阳
10012,萧人凤
9971,小雪
1063104,黄小岛
9976,小宋佳
797073,小鱼萝莉
10096,谢容儿
12144061,宵上淇 
9955,谢雨欣
9973,项斯华
9988,谢采u
12417049,小旭GIRLS
787169,悬铃木
1032035,想想
10097,谢津
10082,薛晓枫
10108,雪无影
13128015,希小宝
10086,晓敏
13226110,许若兰
10009,小斯韵
28085400,西柚
1043059,夏铜子
10171,小歆
13705038,夏雨菲
12675330,夏一可
1081201,心大俊
12377043,小冰
1070063,许晴
13163036,小混蛋
10103,谢楠
229994,小不点
12108164,许馨文
1081123,血纯茗雅
1038275,夏兰
10022,向蕙玲
9974,小玉荣子
9964,辛欣
9970,薰妮
9948,小果
761023,谢馨哲
10163,谢丹
9972,奚秀兰
12263794,夏可可
12493665,谢雅儿
1049138,新凤霞
10057,徐美澜
10068,谢柯
7136,徐海榕
10204,杨千
188565,银临
10473,袁娅维
10368,杨紫
12262303,于果
981005,云の泣
10200,郁可唯
10199,杨丞琳
10209,叶`文
983028,言和
975482,燕池
10371,姚贝娜
1039314,叶里
816248,于文文
10198,杨乃文
10202,元若蓝
10206,杨钰莹
10296,严艺丹
12108093,于小冉
10396,应嘉俐
10197,叶蓓
10445,姚晨
10370,云菲菲
10367,杨幂
10238,叶丽仪
10412,云朵
1026105,印子月
12186038,叶炫清
10387,阎奕格
10245,袁凤瑛
10524,妖言君
8145,筠子
1154070,虞姬
973184,h霖Gabrielle
9920,蔚雨芯
12656142,尹姝贻
787040,樱九
10215,姚斯婷
190631,瑶山百
10552,杨烁
10297,杨子姗
10205,伊能静
10219,央金兰泽
10203,泳儿
10348,杨沛宜
10319,于文华
1191044,喻言
12262078,妖姬
12247047,叶齐心
1086017,唐媛【汤圆】
10210,叶欢
10294,杨波
10516,杨小曼
10312,殷秀梅
1047284,引月兮
10351,杨梓
1047074,杨采钰
10280,杨菲洋
12154087,伊晗
10265,依桐
10223,闫月
10212,阎韦伶
10249,杨蔓
1193482,原子邦妮
10380,依然
10244,银霞
10246,尤雅
1041053,Y兔-吴雪瑶
865175,颜培珊
12441086,于冬然
10522,岳薇
10218,叶德娴
12457100,叶雪如
10355,袁咏琳
12468130,杨Z子
10234,俞静
10201,有耳非文
12475083,丫蛋
10349,严凤英
13162169,艳子
10389,袁哲
167003,杨梓琪
10213,杨祖B
1002075,袁姗姗
189165,亦帆
12339157,艺笙
10220,英格玛
799055,袁惜君
10256,叶凡
1193114,杨一歌
10335,叶一茜
10419,叶贝文
1155033,袁莉媛
10391,央格卓玛
10243,袁咏仪
10375,宜璇
10224,杨采妮
1132933,袁晓婕
1046028,严晴
10266,袁洁莹
10558,周笔畅
10559,张惠妹
1024308,张碧晨
10750,曾轶可
10557,张悬
10561,张靓颖
10562,张韶涵
10572,张芸京
12023202,赵方婧
10571,郑秀文
10924,张玮伽
12279635,祖娅纳惜
13972037,赵露思
10782,郑欣宜
12213291,张叶蕾
10580,郑融
10582,朱婧汐JING
10577,周慧敏
167013,庄心妍
1058190,左颜
947234,朱主爱
11995107,周冬雨
10591,钟嘉欣
10902,只有影子
10578,张玉华
10565,赵薇
10671,赵静
961055,周h
10879,张晓棠
12312068,周洁琼
10594,甄妮
196134,章子怡
10566,卓文萱
1063107,子弥
10608,卓依婷
10563,周迅
10584,张柏芝
1047394,张三弥
10589,张蔷
10607,祖海
7484,重小烟
14711154,子芮
10970,郑爽
10846,张冬玲
10569,周蕙
1038117,Joyce Jang
10753,张婧
12411132,周桃桃
861463,张纹嘉
10583,张含韵
10942,钟声
1132541,郑兴琦
1081056,赵丽颖
10600,赵聪
10575,周璇
6677,张乐
1019439,郑晓填
12164067,赵宥乔
10959,周子琰
10635,周艳泓
10611,郑绪岚
10564,张艾嘉
10788,张晓红
12810141,Laxy
10585,张也
10597,张瑶
10617,周影
10593,赵学而
10614,周冰倩
10586,张德兰
1049463,张子枫
10579,赵咏华
10596,朱桦
13228114,周子琰
10601,周虹
10619,甄楚倩
10573,张清芳
1045085,卓卓玛
770005,张萱
1078368,周芷莹
12165010,赵大格
10568,郑华娟
10880,朱晓玫
10609,张小雯
12087137,郑茜匀
1147156,张蕙兰
10567,朱哲琴
12646711,周楠
1155080,张怡诺
10606,周子寒
10592,张火丁
10616,张秀卿
12262993,张贝贝
976055,张晶晶
10642,张芯
10628,朱茵
1047334,庄真羚
10621,甄秀珍
10877,郑玮莹
10603,郑阳
11015,阿里郎
12074125,ANU
12729365,ATM顶级玩家
1049310,安图声乐队 
11001,at17
11000,ai.mini
15023093,爱情公寓全体
11056,阿凡提
14711043,Awaken-F
11933,爱朵女孩
11055,阿佳组合
11066,A公馆
12031075,阿吉太组合
10996,AK(AK47)乐队
11009,Ado
11058,安妮朵拉
11089,Angel Girl
11011,艾图兰
11031,阿吟琴
12233120,Angel Baby
11024,A-One
12023290,ATF
11018,Art-Kins
11050,AM444
11039,阿基耐
11049,暗狱戮尸
11002,阿飞西雅
11034,AK组合
11053,AMK
721016,AOA组合
12203505,阿巴巴组合
11008,阿妹妹
825031,A Jerks
11005,阿霈乐团
12197215,ACEMAX-RED
1060238,安达组合
11047,奥斯卡管弦乐团
977051,AvTProject
11014,哎呦
13487185,AK乐队
1049145,阿夏组合
11019,爱乐公社
11032,Anthelion
11054,Angelic Quasar
1145050,AmaO
11004,ASOS
11006,阿爆 & Brandy
1019382,奥利
1019707,As One
10999,Aspidistrafly
1048013,A'N'D
1038347,SHEKHINAH | 安娜与陈飙
1047045,ATBT
12492162,Anonymous Annoyance
11045,An Evil Omen
11010,Arrows Made of Desire
30616569,啊唔儿童音乐
1029014,ATP
11030,Art Gallery
11021,阿唐&阿豪
1099007,Aurora Record
11013,aka a cappella
1064015,ANWIYCTI
1086100,戴M欢
11007,AOK
12087113,Astro12
11029,越轨
12448132,爱好好听
11078,阿曼达少女组
11075,Anti XXX
11025,Aglare Light
11016,Alive
1043292,Azure
11057,Asthma Writers Union
11033,AV大久保
1039570,Ascension Music Group
12262027,Air
12598909,Another Kitchen
1049460,阿四龙组合
12054255,AGEBOY
844479,After Argument
649583,AIO
11027,Airbag
12041029,AOS新生代偶像团体
832828,A4F
1050149,Asymmetry
1094316,ShitheaD
11003,A-Z
1164018,Astrolatry
1032059,a tempo group
12925146,AMcreative Musical
789335,暗黑白领阶级
11028,Acoustic Mood Orchestra
11035,A4
1192468,安德瓦特
11046,癌症楼
30892300,AKB48 Team SH
11038,Autopsia
12301020,A.N.D Taipei
30615621,ALIBI
11127,Beyond
11097,By2
14714082,宝宝巴士
2092,布衣乐队
12676703,BC221
900084,不可撤销
11094,鲍家街43号
11105,般禅梵唱妙音组
11099,棒棒堂
1060205,白银河
1046128,伯村清唱团
11108,办桌二人组
11109,八三夭
12107315,BEJ48
1054042,白噪音乐队
860733,薄荷映像
11114,芭比
1058088,驳倒乐队
12931752,BBT
11112,Blue Jeans
817154,冰雪姐妹
11098,便利商店
897191,布皮树
11100,B.A.D
220934,暴走蜗牛乐队
11113,八只眼
1029001,Boulevard
11106,Boy'z
844727,Baby Formula
1063043,Busy Gang
225536,板砖逢
11210,白雪仙
11107,病蛹乐队
11131,波希米娅女子合唱团
11103,八厘米天空
11382,百合二重唱
11178,包子虎
13732,宝贝计划
11095,拜金小姐
11212,北京四兄弟演唱组
11160,补弦
11143,北京金帆少年合唱团
11121,豹小子
11157,北极
13450,Buddy
11974190,必顺乡村
11219,极战
1050586,Blacklist黑名单
11787,Black Box
11124,冰火组合
11101,薄荷叶
11125,北原山猫
11187,Babe First
13006,白目乐队
11158,Be Persecuted
13158084,败犬
1039037,编曲小C 
12074869,Babel Records
11123,Black And Blue
11163,冰封十字
1028167,BOXING乐团
11170,BOYZ & GIRL
11110,变色蝴蝶
1049280,北暴兄弟
12474321,Blaster
687018,百乐门国乐团
964448,边际自由
11165,Babes
11201,暴君之狂怒
985186,black lake乐队
1039159,北京天合之音吉他乐团
1050169,不是桃乐丝
11180,捌伍起义
11244,B2
1171086,Boyz Reborn
1078329,BOX.COM
1120023,白玉玺乐团
1011062,北树乐队
12505787,By Heart
12616056,BOY STORY
1107014,八大巨星
11148,北极星
13500578,BET.A
11171,Beyond Cure
11231,逼上梁山
11162,Burnmark
999203,Buauty 4
1049992,芥末
11116,冰淇淋少女组
1097093,Redcat
11128,北京梵乐团
11167,不复之血
11135,Beauty.4
743217,Box
1037004,不是乐队
1046010,波光折返
1089220,爆竹乐队
12468304,表兄表弟
11257,C-BLOCK
12191014,宝SCNBALLER
11265,草蜢
11320,Cicada
948007,茶小姐和熊先生
1161122,草东没有派对
12100,陈乐基&killersoap杀手锏
12355461,脆弱少女组
961071,Calculasian
226428,楚歌
11238,刺猬
11237,草莓救星
11286,茶凉粉乐队
11318,晨曦光廊
27695613,C.T.O
11088,Crispy脆乐团
11329,超人特工队
11248,Cookies
11260,城市少女
11240,痴人
11236,超级市场
11234,重塑雕像的权利
11340,Cozy diary_轻日记
12279980,COSMOS立体偶像男团
15023145,创造101女孩
11247,Cream
11263,CD Voice
1047127,从心开始EXO后援会
11283,出口A乐队（ExitA）
1033019,赤褐色
1046388,穿越镜
11235,春秋
11293,Claustrophobia
11317,插班生
11253,Chyna
1087693,仓买
11324,川秋沙
11308,草原兄妹
11322,Christmas
15023189,Chosen one乐队
1041034,耻骨乐队
12136051,陈楚生&SPY.C
11241,苍蝇
11243,橙草
11337,乘以三音乐工作室
1045044,CollisionDreamer冲撞梦想家
12533261,CORE ONE
11255,刺客
11242,C.O.U
1049509,吹波糖
11302,Chochukmo
12046137,城市雨人
11258,赤道
1046394,川先生乐队
12262666,Cosmic Child
12976343,CKG48
1116139,CMCB
1057033,Catalyser
12047663,赤世代
11276,赤子花园
11290,cocos
11249,超口爱乐团
790116,cuzlife组合
11334,炽潮
11355,超级女声
11315,CAM
11301,戳麻
1044213,彩虹来乐队
1030008,晨悠组合
905375,C-12 
11250,参劈
12533381,刺客先生
1181803,CA中美说唱组合
11251,Choc7
11273,Citybeat
1049485,茶馆乐队
11307,蔡咪咪
1079028,艺海鑫宇
14056153,川鑫联组合
12023136,粗大Band
12256065,CCOMSyntonia阿卡贝拉人声社团
11245,COLOR
867065,海德汉斯组
1019949,Cookie girls
1182879,冲击力乐队
12023349,CHINGLISH
979004,彩贝与海
1050166,MESS（迈斯乐队）
1124437,传奇乐坊
12462378,采风儿童合唱团
1039481,杵状指乐团 
12082098,CT Girls
13497481,臭屁婴仔
2313,ceezy
11272,超级日
11370,丢火车
11358,大乔小乔
11363,动力火车
1032426,打扰一下乐团
11378,Dear Jane
11481,岛屿心情
1050216,爱星人
11371,达明一派
11365,低苦艾
11427,东城卫
11359,达达
11360,大嘴巴
14470317,大贺兄弟
11437,dance flow
11505,Days
11482,大庆小芳
11433,大小姐
12274422,DSPS
1047287,大小ann
1039098,DANK
11362,地下婴儿
11367,渡鸦
11372,颠覆M
808048,第八音符
918003,大波浪
11466,丁丁与西西
12263766,东郭先生
816344,DX2(DoubleX2)
11393,大置
1049235,冻结土壤
11375,D-Evil
12214233,DBboys组合
11388,东森幼幼主持人
11368,DA BANG
776850,大象体操
11498,钓鱼岛组合
905905,Dxtliant Child
954425,DeepMountains深山
224929,但丁之舟
11454,动感男孩
1045059,大卫之声音乐事工
11379,董事长乐团
11445,DISH
1060166,大波起司
11377,单行道
1015212,Digital Beats
11459,大悲
11456,大买麦
11434,Dude
11402,Dragon 5
11425,东于哲
11366,丁香晓晓
11380,DRY
804404,低明度时期
11492,第三语言
11374,大地
1021324,DREAMIX
1045095,"Deo volente, illumine!"
11395,东方神秘园
1040046,D.C 
12046290,大博尔青年团
11447,Delay
13580359,D7少年团
11431,堕天乐队
11436,大研纳西古乐会
11369,东方快车
11974149,丹娜乐团
11467,第二层皮
11489,大红袍
904015,大忙人
11430,Dopamine
11422,丁承运VS付丽娜
1068013,电解质
948013,东禾群星
1049140,捣蛋鬼乐队
11504,Dianna
11483,大魔王
11457,DDM
792077,第九工厂
12326,大飞&摩天楼
11465,Dandelion Trio
11386,东方女子乐坊
11392,豆豆&乱七
11398,Double.R
1193470,大喇叭组合
11397,大头佛
1155022,大连理工大学凌分贝音乐工作室
11446,大地震
13708429,Dusty Bottle
11373,DengeL
11376,癫狂收音机
857111,DreamKi
12764058,DNA
11409,地藏冥王
12029272,地底乐团
12006047,冬夏雨晴
1027021,豆你
30471231,D7少年团S队
14713083,eason and the duo band
691012,EXO-M
11514,二手玫瑰
11515,E-kids
11532,耳光乐队
11512,额尔古纳
11527,Eltan Renaxy
11516,EO2
11550,Elenore埃莉诺乐队
1043015,JINACTION
11522,Energy
11513,Echo
11523,二元一次
1116003,恩上恩组合歌唱乐团
11536,Enemite
11518,Explosicum
11544,Evocation
905009,F-FAX
11533,二后生
11542,EVER
12250167,鄂托克前旗・艾基木儿童合唱团
1039478,Experience
11546,Even Less
11528,Easy
1053154,EsregBug也色若
11519,Elf Fatima
905097,earlybus
11541,二刘组合
11526,恶刺
1190113,E-eye-E 
894093,Editec
11530,Ego Fall
11553,ElectroO2
11529,EvilZ魔圈
11547,EARTH DANCER
11534,EDIEH
11517,Eternity Girls
92151,儿童医院乐队
1039092,ET身份证
27695225,俄布基组合
12390208,Each other
2733,Evade
1193408,恶邻居乐团
12339107,ETBOYZ
1045100,Eye Dunno
861775,Expendables
12408106,EnlightEN
747091,ESG女团
12381054,El Beasto
11555,Eureka Music
11551,Eric Dane
11539,Euthanasia
11531,Empire of the Sun
11511,ECHO
1050282,房东的猫
11562,F.I.R.
11561,飞轮海
11564,凤凰传奇
11560,F4
226672,风潮唱片
11653,F.Be.I
11558,反光镜
1132727,翻糖乐队
12335417,First Girl
188831,FORMOSA
151784,Fabel
916104,Fuying&Sam
1058129,风见学园蔚蓝组
11575,风火海
12492175,缝纫机乐队
11623,Frandé
11603,发条卡目索
11589,非典美眉
1023077,石磊&王萌莹
11592,风儿乐队
13589,废墟乐队
12171033,F20
11628,法式绮思
11569,Fusion乐团
12523086,反骨男孩
1057069,风临神社
13583,FREE THE BIRD
1132066,Fayzz
11618,Fragile
11573,Face to Face
11582,FUN4
1049828,范晓萱+A
11570,粉红A
12408206,Acrush
11625,福麟阁
12551139,饭谜力
11574,非鱼乐队
12964,FORESTS森林
11590,False Alarm
11567,非凡乐队
11649,风林火山
12467190,佛教梵音乐团
1043370,Freeplay Music
11566,浮世绘
1192416,FLUX
1164025,繁世樱落
11591,风采姐妹
11577,Fundamental
1031010,fresh极客少年团
11586,风之Group
12935658,风格童星组合
11594,樊樊组合
11563,凡人二重唱
12479080,FI鳗鱼同学
11593,From The Red
12155374,飞石号
11640,丰收音乐合作社
11588,Freeze
1040043,Free・J
13059118,Formula
11579,废五金
1050260,小芙蓉工作室
11667,腐尸
11669,芳华越剧团
11945,非人物种
1192499,废埕乐团
11614,疯医
1089230,发条傀儡
1071016,Final Tunes
11664,佛涯组合
12232060,粉红噪音
11585,伏羲
11584,风信子
776753,放射空间
11587,凡风
1078318,反调乐队
12273394,Future After A Second
11578,芳华十八
11647,Fearless
11642,夫妻相
1032429,反调
11572,梵天
1045094,发条木偶
11620,发条人
11657,饭勺兄弟
11597,范姜明月@涉谷纵横
952086,放客兄弟
12073409,绯闻女友
11581,风云
13621,发射乐团
11635,FIRE
1141021,奉天乐队
957154,Free Birds Walkband
11633,风迷藏
11636,Forgotten Melody
12072073,Gosh Music
11679,GALA
11742,隔壁团乐队
11704,高旗&超载乐队
11680,果味VC
12342041,光线合唱团
12676697,告五人
11681,功夫
1131049,归墟原创团队
11733,牯岭街少年合唱团
11697,广州爱乐少女合唱团
11757,good machine oil
1041153,钢心
11743,高雄市立国乐团
11698,广州交响乐团
11734,光启童声合唱团
1044206,鬼否
1060161,醒山工作室
11686,高原红
11682,过失
1069006,歌舞姬乐队
11735,高山流水
14921025,古诗童韵合唱团
12931978,功夫派
11712,国王
11729,国难当前
11685,戈多
15024019,广东兄弟
11702,郭建一&萧玉芬
11696,工兵
11717,Go chic
1049149,光速飞行
15024030,谷水车间
11752,goldEN
11684,Gol Dolan
12411087,G5SH
11719,GIA
1049305,GoaProductions
844974,果宝酱JAM
904135,光引擎
11730,Girl Friends
893288,贵族乐队
1038241,Gentleman 
794019,God Dance
11694,Girl Fantasy 4
11677,嘎调
11737,Gorepot
1044090,Gryphin
1047393,孤独骑士乐队
11732,Grace Latecomer
1073038,莞城仔
11736,许顺哲
1018101,光音乐团
11708,橄榄树
1066031,gabykids
11754,Gina
1039371,干嘛电台
11713,工兵俱乐部
11690,高潮
11751,Guttural Corpora Cavernosa
1053060,Girls Summit
11720,国度音乐传爱团契
791062,光合作用
11748,Golden Cage
12354081,鬼鬼祟祟
1046070,羔羊的葬礼乐队
11711,Good Luck Good Bye
11727,GIP
11689,goodbye!nao!
1041139,GOD IS SE7EN
11688,骨肉皮
11687,Goodmorningloria
13498859,广州合唱团
1135174,格德
1045120,Girl Kill Girls
11714,格林威治时间
1032086,国王之像
11700,滚石小子
12505949,歌梅拉组合
11692,高山阿嬷
15001045,甘肃敦煌艺术剧院
12171107,歌武传奇
1019113,改造人
1050450,GLAX
11721,固定客
11774,Girl+The Machine
11746,广州小云雀合唱团
11710,G-ELEVEN
30618509,GOLDEN AGE
28898438,各村屯组合
12577269,Generation
27695494,广州天河公安
12504033,公馆游乐园
12249074,果实乐团
12279349,果果乐队
12062142,公主驾到
12183333,归一
27695839,Gatsby Jay
711683,好妹妹
11761,花儿乐队
11830,海龟先生
11759,黑豹乐队
11776,黑鸭子
11760,后海大鲨鱼
1015069,Hello Nico
11767,杭盖
11762,黑撒
11890,Hush!
783163,Hope组合
11788,HotCha
11891,华夏民族乐团
12556082,幻境工场童声合唱团
11794,HAYA乐团
1058230,黑薄荷乐队
11777,呼吸
1046338,火星电台
776879,鸿雁组合
11839,黑钻石
12598784,华夏轻音乐团
11797,HIT-5
12091041,大龙小龙DLXL
11822,皇后皮箱
11790,黄色潜水艇
938016,昏鸦
11793,黄金年代
12273,黄立成&麻吉
1043183,FREEHAND
125800,Oliver
11875,琥珀
11816,黑棒
11795,红月亮女子合唱团
12154012,Hello Girls
12598993,华夏管弦乐团
11856,嘿！！！
11832,Happy Circle
11678,Hang On The Box 挂在盒子上
11772,红孩儿
11785,红苹果女子合唱组
11799,黑骏马
167012,华声儿童合唱团
1043362,荷尔蒙小姐
11781,黑鸟
13161209,黑色收音机派对
11855,红丽姐妹
1070050,汉光人声创艺乐团
11821,华中师范大学合唱团
11660,凰后组合
12608114,杭州爱乐乐团
897174,Hong Kong Express
11887,好好先生
1051015,海朋森
1044032,Favours!
1047313,洪流之源
11791,皇家曲社 昆曲六人组
11889,红色浆果
1046386,H2K
1081347,弘诺方舟
11771,胡椒猫
13705550,好乐团
12974350,HeartBeat Station
11769,坏女儿
11780,后舍男生
12416152,Hide and Six
11783,蝴蝶组合
1044121,黄灯车库
11804,黑手那卡西
1011186,Hyaline Gap
29497572,Hickey 喜祺
11840,HE有激人
27889336,胡闹一番
11782,红唇族
11849,海克力斯
11913,河豚子
13497795,鸿敏鸿杰
11773,花生女郎
11798,好男人
11770,坏碑唇
12142036,红节奏The Red Groove Project
691001,谎言留声机
1046165,很大胃
11789,红蓝铅笔
1039279,黑白格
1049660,花墨茗轩
11792,花木兰
11882,宏星特攻队
1060036,坏哥哥大乐队
1193375,赫和美罗
11914,HPIL & WIL
12355462,欢乐颂组合
11857,猴子飞行员 MonkeyPilot
11865,化学猴子
11763,昊恩家家
927031,黑金
905276,黑戒
12274213,好事花生
11808,花生队长
11937,i2star
11934,i Me
11931,In It
11936,io乐团
783012,Imade家族
893353,Icy-Whiskey
1132642,IDOL SCHOOL
11924,inLove
11928,I Love You Boyz
11939,Indie Famous
11929,I★M
1049924,ICE MOON
13596,IPIS蟑螂
12637409,IVI
11944,imade
27695362,iM
1192438,IPFamily
11941,i.n.g
1015002,IP9
985238,Into the sky
11930,IHVHLXXII
12046905,iColor爱客乐
12024494,Icy Ball 冰球乐团
860242,I.D.M
11921,IGO
314426,Ice Man
14468085,Intertek
12095254,iwini
12176045,IX 玖号
12046682,ICE LADY
11925,iCHARM骚乐团
12046683,ICE MAN
15248088,iFree
11927,IDH
11952,JS
1079094,金光布袋戏
12000,讲者
12057020,觉醒之心
12022,玖月奇迹
1038375,街道办
11947,锦绣二重唱
11970,夹子道
1132214,潜水大象
12021,江湖乐队
1058045,江城原创音乐团队
1044214,玖壹壹
11994,J-TWINS
12023,JPM
11949,简迷离GEMINI
854613,基诺
11999,静物乐团
12036,机械懒猫
1019386,Jeremiad Always Twinge HuaBai
12034,Jacky Danny
1028057,鲸鱼岛乐队
957003,记号士
1015634,脚音乐工作室
11950,Joyside
1007212,巨大的轰鸣
12015,江苏省歌舞团民族乐队
826189,Jesus Fashion Family
12203390,JC练习生
12468113,叽里咕噜
11962,Jimmy King
11957,寂寞.夏.日
1124345,JUNGLEMICO PROJECT
14101818,吉马合唱团
12007,角度
12468117,加减乘除
11981,姬声雅士
11959,假音人
11960,俭德大厦
1102108,敬拜之声
11954,金门王与李炳辉
12033,饥饿艺术家
1073013,惊林 
1045098,佳非
1049853,江河
1060237,教父乐队
1050398,节奏旅行家
11998,惊叫基督
1193393,紧裤裆乐团
11968,Joker
12019,J3男团
11967,及时乐队
11958,进念二十面体
11972,节奏之犬
12009,蒋亮的声音系统
11969,乩童秩序
1025005,Joker乐团
762443,镜花缘乐队
12014,Jerry & Merry
784340,激肤乐团
1046230,京P-318
11963,假死猫小便
29272639,绝对纯洁(Absolute Purity)
11955,景行厅男孩
12408242,经忏研究学会
12042,机动现场
12278370,金三宝组合
11961,夹子电动大乐队
893348,皆大欢喜
27696148,惊虫 (Panic Worm)
11976,JADE
11993,聚点翻转
12005,锯S.A.W
11948,交工乐队
223706,加减乐队
12035,Jungle
11989,教练
12024,姐姐乐队
1040010,寂静街电台
11953,鸡腿饭
12364,贾库西
11973,九天
975811,记忆的盒子
817169,江苏歌舞剧院民乐团
1046398,甲子乐队
12030,精神错乱
1083027,嘉宾乐队
12038,基动乐队
11974,橘红色
12010,浇灌的园子
12012,Juzzy Orange
12045,济南前卫民族乐团
12467179,觉慧法音合唱团
12262070,键人乐队
1137031,JIN
12040,Jason Kill
11996,筋斗云
11992,胶壳
12424024,击沈女孩
12870717,就这样乐队
1007183,MP记忆碎片
12081,筷子兄弟
12054,卡奇社
12056,可米小子
12066,Kolor
12144032,Kawa
12090204,康姆士COM'Z
986266,空想家乐队
12076,KingStar
12055,咖啡因乐队
12232080,康士坦的变化球
12058,K One
12057,开心少女组
12084,卡木堂
12078,快乐家族
12059,咖啡因公园
12082,空中狂欢节
12073,酷爱
1061029,咖啡与猫
1081954,口水军团
12077,Keep Da Faith
1043213,Kim&Lee
12080,扣弦
12062,Ketchup
1046163,King's new outfit
12103,科尔沁草原姐妹
1193133,Kk儿童偶像乐团
12069,凯比鸟
1019142,柯班生
977023,狂想三重奏
28390360,可乐&三号线乐队
12060,Kiss
12105,控制之外
14087340,K'WA
12101,快乐女声
12467113,库奇卡
789473,空气墙
12079,快乐男声
12070,卡西莫多
12065,Krusty
12608115,昆明聂耳交响乐团
12085,KoOk
947002,康熙
1181041,Kylin Baby
12087,Karma
1177013,K.JBOYS
964043,Klorine
1193461,肯周乐队
28085488,邝氏姐妹
1079003,鲲鹏兄弟
12087088,抗浪鱼乐团
12061,酷客
1038370,苦慈乐队
31274437,Kagome
30107478,KINGZ
12441105,咖啡猫
13500794,卡带组合
1017089,跨界乐团
12231022,康乐兄弟
550057,Kid King
979002,骷髅头
31064296,空中快车乐队
30450239,快手学霸合唱团
12301252,K6
13499147,Kiss
1050040,蝌蚪合唱团
13222475,快乐宝拉
1043200,KENNYOPPA
12423079,开心麻花
12073035,空弦乐团
1047337,英雄联盟
12676071,老王乐队
15021290,乐华七子NEXT
12181,龙井说唱
12111,旅行团
12258996,LOKEY低调组合
1085047,棱镜
12115,零点乐队
12116,轮回
4153,Mc老猫
844646,理想后花园
777622,胆紫/PurpleSoul
991218,鸾凤鸣原创音乐团队
12194,浪荡绅士
12218,Laurent Jeanneau&施坦丁
12227298,兰眼睛女子乐团
12113,六个国王
966147,L1STALLDO(厘思翱渡)
12142,兰亭
976199,理想青年
12186,龙神道
12135,灵感
1049223,Lost Team
956430,Lil' Ashes 
28253230,理想混蛋 Bestards
12169,羚羊角
12189,林朝阳&丁薇（Salt & Dingwei）
1044100,Lilith乐队
1135229,理想假日乐队
886237,爻-梁颖
12131,冷冻街
28017412,零感音费u作
12187,浪花兄弟
12110,龙宽九段
1037016,Logic Loc
1066088,Lunar组合
12424010,乐玩越乐儿童合唱团
1061025,聆古遗韵音乐团队
250422,Lollipop F
12174,龙锦
12899379,Lamplighters
12159,流行4℃
12173,乱感觉
12114,零壹乐队
1063162,龙飞龙泽
12222,老泥车男声四重唱组
1049052,Light说唱组合
12184,来吧！焙焙！
11974189,老猫侦探社
967049,良人乐团
12112,冷酷仙境
12137,龙门阵
12129,乱弹
1088142,六弦诗
12251035,临沂大学合唱团
1180019,Liangcheng Jishi Orchestra
1079035,LTN乐队
648542,Loading
12332015,L.I.K.E
12168,利未人室内乐团
12450158,六和弦合唱团
28387394,蓝天合唱团
12145,骆驼
12124,L.A.BOYZ
12233,乱战门
12236,琅琊阁
12607144,兰州交响乐团
1055039,老K蛋
12134,逻辑失控
12146,螺丝钉
1048044,雷米乐队
1085046,凉山彝族自治州歌舞团
1179071,喇叭嘴爱装熟
12117,LAVA|OX|SEA
13497380,LEO37 + SOSS
855371,浪
12119,旅行者
1066095,裂缝乐队
12020123,猎魔人乐队
12974349,LA-K 组合
1050658,六道母Luktomo
787070,零食娃娃
12195,Larry's Pizza
12121334,LF兄弟
1050388,懒猫乐队
1049120,流觞曲水
12122,六翼天使
12121,洛客班
1039742,楼兰盒子乐队
12877026,Ladybees 北京1队
12125,L.A.四贱客
1081729,蓝狮爵士摇滚乐团
12132,刘鸿 & 邓洁仪
1135053,落差草原 WWWW
12128,兰色花园
1044118,Linan
828169,ThePisces双鱼乐团
12237,旅行者三重唱
12629175,力量之声 (Vocal Force)
1094010,摩登兄弟
1161201,满汉全席
12264,my little airport
12266,Mr.
12269,墨明棋妙
12011092,MissMass
1050347,M&K
12276,梦飞船
12268,蜜雪薇琪
12261,棉花糖
979033,门虫
12356,MIC男团
12328,马赛克
12263,秘密後院
12262,麦田守望者
12281,M3
1040065,萌萌哒天团
12284,Manhand
13248,蜜糖先生
1124109,MINSTA
4556,麻园诗人
9002,玛雅
794023,猛虎巧克力
13972114,MR-X
12474632,明柏辰&明筱岩
851364,梅卡德尔
827534,Mu'z
1181092,MusicLoop扭蛋音乐
983056,GMRemix
12278,梦之旅
12270,面孔乐队
12287,MP4
12374,马斯卡乐团
12346,MP魔幻力量
759138,MICappella
704011,M4M
1054105,蒙古利亚组合
4478,木玛&Third Party
1193439,玛啡因
1032379,玫瑰木子弹
13838518,Mr.钛戈
12411,MY GIRLS
12327,MTZ
12053106,蜜蜂少女队
1039735,迷音Los音乐团队
12371,不优雅先生(Mr.Graceless)
905819,慢慢说
12128611,
28391314,民族乐团
12544752,MERA
896489,蘑菇兄弟
1019350,Manic Sheep
12313,弥藏
1011034,MusicFrog青蛙合唱团
12074052,妙音坊
1050371,梅花三姐妹
997003,梦灵
12275,梦剧院
11980,马小野乐队
12000098,MT
12926132,Moi
12333,蘑菇团
1049462,庙乐队
12321,冥界
13486249,蜜糖老爹
12400,Mystery
12378,Modern Children
896183,米次方
963510,MostE原声音乐团
12380,秘密行动
12309,梦蝴蝶
12267,木吉他
12336,Miss Woman
1032248,梦乐团
12258,美好药店
12415,Morning Call 轻晨电乐团
1084210,马帮乐队
12783012,麦组合
12263285,梦幻西游
12996568,美秀集团
12305,Mojo
842017,妙语清歌
12368,末裔
857095,MisterLady
12318,迷幻幼稚园
1050382,Massacre Of Mothman
918013,末尾航班
28102342,米高梅国乐队
817032,美好前程乐团
12363,moci
906091,嘛
11655,暮色绽放
705006,暮良文王
11980014,Mr.BIO
12365,魔音社
784080,魔电女孩
1178286,昴宿
189873,南征北战NZBZ
12437,牛奶咖啡
12438,南拳妈妈
12444,男才女貌
12439,农夫
12476,那我懂你意思了
13762,廿四味
12453,南合文斗
12436,扭曲机器
12447,女子十二乐坊
12465,南无
12442,脑浊乐队
12441,哪吒乐队
12475,南瓜妮歌迷俱乐部
12435,Nylas
1084163,南二巷乐队
678001,尼玛乐队
1054111,幻AS
826174,NINETYNINE 99乐团
12440,南方二重唱
12289153,Noble Band
12274326,那对夫妻
12502,逆耳
1046467,南方小镇
12203384,Night Keepers 守夜人
12466,男月亮
15021166,NINE PERCENT
12035119,南拳妈妈NQMM
13067,女孩与机器人
942115,NU'EST-M
1040034,NoFear
12644580,Nowhere Boys
12481,南歌子
1047321,逆流
12470,农村武装青年
12459,内蒙古青年合唱协会蒙古族青年合唱团
11080,女子水晶乐坊
1187071,内蒙古少年合唱团
12443,No
12594165,鸟撞 Birdstriking
12483,年年红演唱组
1192496,nowhere乐团
12451041,女声四重唱
12608116,宁波交响乐团
12142043,女子合唱团
12458,南台湾小姑娘
12454,女生宿舍
794414,南希乐团
12462401,南海明灯合唱团
12448,暖乐团
789839,能量兄弟
12446,南王姊妹花
1039376,Nower诺尔乐队
12507,内脏缝合
12603531,奶油糖组合Candy Cream
12451,孽子
768201,Namigirl
12493073,念乐队
12477,内蒙古广播合唱团
12457,年少
1064116,N Girls
12496,女巫
12474,No One Remains Virgin
1051013,NewCake
12485,南彝
12493,NewTank
12506,南门音乐
12478,NO LIE
12452,男子三乐坊
12455,Newz
12461,南蟾兄弟
12634413,N.O.D
12176090,女子国乐坊
12998944,男子汉
1078418,南十方乐队
1074047,喃乐队
13498321,宁玛巴白玉僧众
12491,霓虹木
12494,Nova Heart
1039681,宁夏制造
12456,纽约客
1049229,南域之声
12053194,妮可酱
12500,那些花儿
12498,No Fear
1192448,Natural Outcome Band
12503197,NG乐队
12464,脑刹乐队
15021093,No Promise
30480980,南北方舟
13044113,南西乐团
30109500,南腔北调
977017,NaNaFormosa
13057180,NoHorizon
792553,Nonsectarian
12469,No One Pulse
12096304,N.P.E.自由引力
30111255,柠檬茶演唱组
13059577,偶像练习生
29148386,ONER
1020163,OMG战队
12510,oNEwAY
12521,OVERDOSE
13058190,OCTOBER
12520,Old Doll乐队
12513,OT乐团
1193420,Overtone
12508,Ourself Beside Me
12525,Original Sin
1150319,O2O Goddess
1015208,OOC控制之外
850018,O.M.G组合
13213,One Fifth
12529,OK男女合唱团
12512,Online
784344,欧开合唱团
12531,O.F.D
12526,OP组合
12509,Osoyi Rizumu
12514,ong
12528,Orgasm Denial
1077084,OLDWELL
1094305,OOC乐队
12516,overdose
931006,One More
1050099,OBSESS
12511,欧喷爱
12502109,OCS
30471247,OPF倍速计划
1192445,Our Service is Ready
30109227,OYT女团
13487164,OVDS
15001027,ORE乐队
11076,Orthon
12409191,O-Band
12122194,OPXSK
11984015,OPEN CHAN FAMILY
12639,霹雳布袋戏
900021,盘尼西林
839563,坡上村
12549,Ping Pung
999215,平纱落雁音乐团队
12334329,PANDA组合
1012004,葡萄不愤怒
687007,Popu Lady
12592,PIA
12537,飘乐队
905176,平原习作
12541,漂亮亲戚
12532,P.K.14
851210,喷嘭乐团
840471,pentatonic
12542,PB33
828124,Project Ace
12565,Pink Berry
12536,痞克四
12534,PixelToy
12593,拍谢少年
12550,PUNKHOO
4760,PNC说唱
12740045,per se
1040154,Parasitic-Eve
12535,蒲公英合唱团
12580,P!SCO
12557,皮痛
927054,屁屁与大肘肘
12540,泼猴
12559,怕胖团
12543,屏东狮子乡草埔国小学童
12584,平行世界
12572,Psycho Killer
12545,泡泡糖
12601,Pink Haze
12533,Project Early
1060065,Pyroglyphix圣火令
12597,啤酒车
12274036,Paliulius 乐团
1132054,ProgressiveDigitalStation
12563,普米
12544,普普乐团
544452,Ponso
12554,派儿
12568,Psycho
12598,P.O.E.M.
12548,Purple Heart
1076006,PEG
12588,Point 22
1048014,Plastic Heads
675001,飘移乐团
12567,Pairs
12546,苹果派
1039732,配位体乐队
1038082,林涧
12467234,苹果兄弟
13161023,PRCrew
1039678,葡萄干
1004015,平凡生活
12381014,pH
28391519,胖子&达叔
12203030,Profil
28361239,pala乐队
12023174,PLAN-S
1193167,庞信指挥上海音乐学院管弦乐队
11971050,Pacific Trio
1132587,潘氏兄妹
12582,Plover
1023307,Pink Berry 品客暴力
31153397,碰碰狐PINKFONG
1004119,Pink Stars
28390465,皮格子
962271,Parallel Truth
12530093,珀组合
12599,偏执狂
12073329,Play Family
12547,Postm3N
1046317,Poison Air
778041,Pilotless Drone
12355136,PUZZLETOE
744029,Phoema
12274384,漂流木乐团
12155132,鹏飞梦舞
12023424,Peace Punk
1193472,Project Fading Anchor
12560,Primary Shapes
12608,青蛙
12604,青鸟飞鱼
1039873,茄子蛋
12651,七朵组合
12718,青春美少女
1040042,emptyytpme
12656,Quark
12605,清醒
12155216,乔紫乔
12636,企鹅
12378070,情歌伴侣
12603,七八点
12611,青铜器
12647,奇翼果手机乐队
13492,青年小伙子
12607,秋天的虫子
12627,奇怪的日子
12602,雀斑
12617,青燕子演唱组
12606,轻松玩
12638,企鹅熊爱吃鸡肉球
954558,青衣
12658,丘丘邦
12618,Q-Ki
12609,丘丘合唱团
12610,强辩乐团
1073034,七音盒
12646,青岛爱乐少年合唱团
220861,青春大卫
12625,奇幻之旅
1122079,麒麟Baby
12650,穷飞龙
806217,齐天叁喜
1015001,潜逃乐队
12615,青芒果
12632,七号青
13793226,巧克力工厂Chocolate Factory
12289035,七里蝉组合
1032106,青春老少年
12613,青年
11974130,清晨乐团
12660,清歌九城
12648,棋盘上的空格
1156078,七杯水组合
1026137,秋裤兄弟
12046012,清馨组合
12641,骑去哪
1050161,企鹅乐团
12616,秋红
12634,乔榛；丁建华
12640,强音乐社
1038413,谭心想
1049598,琪淇姐妹
954475,糗事百科
1019323,七字辈
11975170,枪击泼辣
1049383,乔柯扎布
31153286,青春有你训练生
30617435,亲宝文化
30616406,奇异果音乐制作团队
30316223,t岛
12870802,七色光艺术团
11977103,全男班
12474162,启明星组合
1193431,柒拾趴乐团
12622,秋水茶
14881049,清华大学学生艺术团合唱队
30892424,全民造星
12493521,秦磊
27696012,青衣组合 
12263225,QQ糖
27693352,全能宝贝组合
12154193,奇克拿ChicKNUP乐团
13222016,仟年x组合
1039885,千篇律
12024168,Qsmile组合
1039181,启真湖没名团
1039308,千城醉歌原创音乐团队
12657,清然浊然
11081,千奇百怪
1047139,RAiNBOW计划
996336,人衣大人
9263,Robynn & Kendy
12665,RubberBand
840421,瑞鸣唱片
12708,如是我闻
12689,RTA
12664,软硬天师
828154,热斑乐队
12666,Raidas
13058483,RPG & NEOSO
787034,ReDor锐豆乐队
1132327,人声兄弟
1135093,RCVO粤语配音组
12669,R&B
12672,RAY
851033,人体蜈蚣
12676,RockCookies
1024333,刃记
12667,Reborn
12693,Roomie
12682,瑞王坟
12080194,冉冉升起
14711098,RMG组合
12686,RedNoon
12668,人工卫星
1050053,热血红娘 
12663,人山人海
1049494,燃烧青春乐队
12699,燃弦乐队
12053037,如来不来
12687,Rose Garden
12678,Rachel Believes In Me
12688,人鬼殊途
12679,Rustic
1039677,溶解
1057066,relic乐队
12704,Red Pirates
12685,Rainbow Danger Club
12503236,RGB乐队
1044225,热浪
847420,Riven乐队
12681,Raflum
12684,Red Force
12698,Return The Truth
12503171,Ripple
11991186,热力组合
31361619,弱势群体乐团
12674,阮对庄脚来
12409139,Rijan Archer
30531276,仁翼组合
11991185,锐印组合
27889564,人造人类
1045073,R.U.F.Z.
14885056,Reset-零彩度
14471288,蚋蓓死泪 Rebel Slaves
12142112,阮井弦一
1192420,阮泰瑞
12709,S.H.E
12707,苏打绿
12721,Soler
12712,水木年华
12728,Sweety
794014,SNH48
1132343,SING女团
12816,四个女生
12107270,树屋女孩
792422,四枝P Four Pens
677003,SpeXial
12724,神木与瞳
855599,时光胶囊
12864,Supper Moment
12840,Six City
1074119,孙无忧
673002,Super Junior M
12853,树子
12970,上海乐团管弦乐队
28899339,SNH48_HO2
12933,神马乐团
12143081,SWIN
792074,诉人音乐团体
12877,丝绒公路
12717,山人乐队
12752,三角COOL
1002084,肆掷侄
12710,声音碎片乐队
12047978,狮子合唱团
12279825,十二星宿 风之少年
12716,丝袜小姐
12727,瘦人
12715,舌头
12908,生命河灵粮堂
12720,Swing
12872710,SNH48_7SENSES
12711,声音玩具
12740,深蓝乐团
12815,SNP
12838,时过夏末
12763,S翼乐团
1101047,AllenJ
11565,霜冻前夜
12713,刘冬虹与沙子乐队
12719,深白色2人组
12820,上海交响乐团
820276,T2o
12734,Shine
12757,水晶蝶
1194019,Schoolgirl byebye
14119110,水怕
896350,三藏梵音
12745,山鹰组合
12488166,伤心欲绝
1054113,Smooka
12950,上海越剧院
1041064,守麦
12730,四分卫
1015027,十八一心童声合唱团
12839,山西绛州鼓乐艺术团
12824,上海民族乐团
29149355,SNH48_BLUEV
12733,S.B.D.W
12867,声子虫
12846,STAYCOOL
1094005,BuYuK团体
12764,Square
12747,水母乐队
12770,使者
12780,Seven
12865,Silverbus
12958,Super Girls
12744,孙建平 & Sweet Style
1120043,神龙妹子团
12756,圣以琳音乐事工
12866,Summer Sunshine
1003005,双棒儿
12635556,SHY48
1135224,Soulspeak
12892,上海爱乐民乐团
12960,三维鱼
13643176,SNH48 TEAM FT
12735,Selfkill
809013,随性乐团
12557247,声体乐团
12901,伞
12828,羊秘密
12948,叁劈
12819,少女部落格
12746,闪亮三姊妹
1004122,STAR
12142044,上海老百乐门元老爵士乐队
12883,三江源兄弟组合
12911,上海华夏乐团
11975133,S-AK
12977,逃跑计划
12971,痛仰乐队
827728,TFBOYS
12074054,土不叔叔乐队
10997,阿修罗
12973,Tizzy Bac
12984,天堂乐队
12985,Twins
1058078,TONICK
12983,Tension
1102294,藤乐队
12992,太极
13099,Tuxedo
12024542,TGG
13041,天王星
13084,太阳部落
12981,甜梅号
12990,铁风筝
12989,童党乐队Children party
13082,透明杂志
1046263,天声
13066,天孪兄弟
13027,天杵
12197135,The 3day
1122036,TINGSHIGHUCH
13074,糖兄妹
12974,跳房子
1081467,the Flow Theory乐队
1154014,她她 
886212,The Verse
1063008,偷喜办
13001,天使之城
13044,糖糖乐团
13002,铁玉兰
13089,汤姆与哈克
12218108,铁竹堂之PLAYAZ
13038,天空乐队
1194082,田明卉&袁昊天
1032249,听雪阁
12994,脱拉库
13413,T.O.B戏子
13094,偷摸大鸡
187564,T.R.Y
14950736,TheTalker大话家
12991,T.R.Y.
12726115,唐猫 SUGARCAT
13152,天声一对
1037009,T.P.I
1161089,Thud
13014,天织堂
13304,T.H.P
1039892,糖心少女组
12273423,他者
12982,甜蜜的孩子
12979,The Marshmallow Kisses
13159,TF家族
1049954,太阳风
13090,铁树兰乐队
12312488,吐蕃兄弟
13138,唐人街乐队
1039378,蜜桃乐队
13228498,Thank You for Getting Lung Cancer
1063205,天喜果
12475359,糖果树
13109,糖衣娃娃
13026,台风
1089081,TuT
12676362,Team Spark
220792,特殊任务乐队
12023396,The Bright Lights
1039031,tsingyin
1193455,台北公案
13043,天行健乐队
784175,T-CRASH
13227204,台湾乌克丽丽乐团
12067013,铁击
13008,Time in muscat
12332018,大主宰乐团TheMaster
996532,台湾爽乐团
862005,推
1032095,塔罗乐团
13040,The Password
794411,TBOYS
1137334,TUX 黑白猫
905321,太空漂移
947126,Tiankong合唱团
13063,The Big Four
12998,Top Twinz
13132,TRASH
13010,Toreador
13032,The Yours
1048015,TheProzaX百忧解乐队
12995,The Party
721022,太妃堂
12987,TooKoo
12202210,天生兄妹
1015121,UNIQ
1011189,UN1组合
5334,U180
13163,U.TA
11973034,Ume band
1106052,uncle2
13165,UP Girls
13162,Unequal Treaty
939133,UV GIRLS
12408254,UNDER LOVER
12006301,US乐团
13164,Unfamiliar Friends Party
13161,Unique
13160,U235
13500802,U记歌手
11975044,US
12274402,UN AVEC DEUX
30315361,ucok（麒麟公社）
1193394,Underway
12467169,United Asians
12029116,Vast & Hazy
1044125,VR-ONE_PLANET
13173,V
881013,VOX玩声乐团
13176,V-Day
1040130,V7
13186,Virgos室男社
12214198,Violet Lens 绀
13169,VRF
794031,Vivian
1077086,Viva Girls
13178,Varuna
12046850,VP1
11989084,VP团
1038057,Vianz&Shan葳宣&葳安
13177,V-BAND
13184,V2
13179,Varo
1120020,V5元素
28390279,V-Girls
11984031,V.N.P.
13193,五月天
13200,顽童MJ116
13223,万能青年旅店
751129,网易游戏
1019047,武聆音雄
938017,五条人
13188,惘闻
13190,无印良品
222871,伍佰 & China Blue
1054178,未卜乐队
12323159,雾虹
893283,f重乐队
13197,温拿
1016169,卧轨的火车（Railway Suicide Train)
1081451,未完成乐队
1084125,WAV
13194,无级生
1102268,吾酷
13265,我心旋律
13281,袜子小鸡
1132219,邬先生乐队
5369,五彩呼伦贝尔儿童合唱团
13260,武汉理工原创音乐工作室
1023082,温莎森林
12273314,网易漫画
13198,White
12248055,王者荣耀
13228,五洲唱响
13268,WordySoulspeak
975262,无双乐团
9745,王榆钧与时间乐队
13199,未来脚踏车
13237,玩具船长
13202,旺财
13205,丸子
14098171,微室巨像乐队
12817018,无妄合作社
1079083,温故知新
13203,晚间新闻
963176,万塘路18号
1043263,微乐团
12122213,王俊凯凯泽站
13243,武虎将
13195,无双
190200,无限融合乐团
1026119,瓦依那
1061009,莴苣先生
1087009,伍个火枪手乐队
13258,WhyOceans
1078305,威尔先生乐队
13192,佤族乐队
13254,五行元素
13274,Waveform Imagination
13233,Woodie Alan
13201,微
31053293,威神V
13234,妄想屠杀逻辑
1050464,悟乐队
1193477,卫生纸请丢进马桶
13235,五行
1045102,王勃
13261,Why Not
13253,Whence He Came
13255,WoodyWoody
13204,伍个火枪手
1135161,微笑公爵乐队
14711076,网易CC直播
1038226,The Wasted Years
808032,网易邮箱音乐
13212,Whisper Of Tears
1081903,网易CC主播
13214,WEWE
13208,威镇
13271,Why Lazy
12877028,瓦其依合与空行者
1004003,微酸的偷窥狂
13266,蚊子大象乐队
14586931,我的男同桌
11600,王Z&孵化
12274307,问乐团
1154055,无音涯
12785088,网易音乐人
776305,五洲星海
13267,吴永法&何耀伟
13249,Wanderlust
1132489,五音乐队
1049566,问题动物园
13219,无了期
1084150,我爱美女
1079029,问乐队
1131023,忤逆乐队
12647741,顽乐队
12000040,乌骨山羊
13209,WOW
12550142,微甜女孩
13207,Waterman
1087286,万水 曾斌
13238,万能爸爸
13257,White Dimension
12503194,新乐尘符
166005,小蓓蕾组合
13283,信乐团
900347,小旭音乐
13282,新裤子
13286,小虎队
13333,新街口组合
1006074,夏天播放
1170004,汐音社
13279,小娟&山谷里的居民
12996518,X玖少年团
13366,旭日阳刚
187462,小老虎
13321,小紫荆儿童合唱团
13398,西游乐队
13191,小旺福
1156315,兄弟本色
850026,旋转保龄
1188095,星月组合
991119,新青年理发厅
13287,小熊饼干
12290115,新韵传音
13374,小羊诗歌
12358,先知玛莉
858167,小雨乐队
13284,熊宝贝
1033013,嘻游记
13359,新疆木卡姆艺术团
223334,小荧星合唱团
13363,小舟与旅行者
13297,新少年俱乐部
11568,小F4
1060242,仙童
1049277,嘻哈研究生
1090021,雪沉乐队
223716,新月合唱团
1115214,小男孩乐团
12031090,新乐府
1043481,小于一
13325,兄弟联
13331,相对论乐队
1049173,新疆艺术剧院歌舞团
809020,香料
1102310,向日葵乐队
13378,玄乐队
12384062,星号69
12176166,新雅室内乐
894070,熊猫团PandaBros
13408,香港管弦乐团
1124361,XjMiracle
13318,小星星合唱团
13380,戏班
955039,嘻哈包袱铺
1046205,玄鸟传说
5857,Galaxy Tree Production
1047312,现象师
13303,新香蕉俱乐部
12870320,小蓓蕾艺术团
1042004,新奇士
12020133,小亮
13345,香港纯弦
12501103,X-TIME
12122128,星球撞树
13349,玄公馆
13410,西岸男孩
976225,新声一班
13301,小护士乐团
13290,新香水
1193436,显然乐队
12492227,新四季合唱团
12614028,小旭AUV
13399,雪山朗玛
13369,相声瓦舍
13316,香港中乐团
1178104,血肉果汁机
861197,小老鹰
13370,小巫师乐队
13386,小岚云
13367,小天鹅少儿组合
1025290,小爱与花儿乐队
1132085,熊猫眼乐队
12555,星球地图
11407,新工人艺术团
13377,香港道乐团
896340,宣南乐队
13343,新七小福
11987025,小红帽
13346,小大人
12620032,小旭乐团
12053310,星际老男孩
12493017,限制行动乐队
13393,宣道出版社合唱团
13364,小龙凤
13317,香港歌剧社合唱团
1081761,新干线乐队
13289,夏宇愈混乐队
13360,西瓜大象
1039930,夏族音乐网络电台
28900358,新雅乐队
1038392,VERY FICTION
1021160,烟把儿
947021,有声小说
13418,羽・泉
962079,一三
13540,月之门
13419,与非门乐队
954530,有声读物
1066006,影语人
13526,永动机
13439,译乐队
13493,亚洲天使童声合唱团
13416,野孩子
13529,衣湿乐队
13504,约书亚乐团 Joshua Band
13425,液氧罐头
13531,耀乐团
13417,优客李林
13505,玉麟军
13431,原・味
13549,yourboyfriendsucks!
13489,云雀合唱团
12409237,圆光佛学院众法师
13421,腰乐队
1032146,野外合作社
13528,于秋璇
13429,隐藏
13427,夜叉
12356168,易安音乐社
13426,元卫觉醒
13563,有声奶昔
12289020,YHBOYS
1018125,郁乐队
13422,羽果
13430,诱导社
13483,Yn gizarm
990291,道娱乐
189836,一指团体Afinger
1124001,艳阳天乐队
13445,彝人制造
1132954,夜虎乐队
13496,烟头
1132829,野地百合
13437,Yummy
13436,眼镜蛇
13023805,雅乐诗唱
1049561,罂粟花开
1135095,粤漫三色堇
12232101,YEPGIRLS
12493450,优我女团
13424,樱桃帮
13679,音乐2000
1116316,有沐音乐
6227,鱼尾纹
6179,愚人船
13468,元气
1043476,咏吟轩
1057016,雨阳乐队
28897294,一口乐队
12046279,夜猫组（Leo王+春艳）
6310,渔圈
12029112,椅子乐团 The Chairs
1019365,吆拐和吗子
13565,野娃娃乐队
1026031,源君
858267,谣乐队
13459,押韵机械人
13442,忧欢派对
1088045,因可INCHAOS
12389081,严玲严莉
13446,余力机构
1132717,樱花姐妹
13571,异种
14054202,悦耳旋律
13510,牙龈出血 Gum Bleed
1040166,一万光年ACG电台
13434,宇宙人
820108,宇翔有声出版社
12024407,彝人传奇
13460,优子惠飞
11975087,友情岁月
13449,野仔
13556,游牧人组合
13477,抑郁CD
98943,优雅逆转
1058209,异论
12323114,月光畅想组合
1093016,摇滚先生
14882066,颜旭时光
996033,优雅的迟到者
13527,远东之狮
13438,Y.I.Y.O
13428,萤火虫
13451,伊妹儿
868118,毅光年
13435,夜班巴士
13454,因果兄弟
1039143,炎凉
13432,原音社
27868469,中和反应（UR）
13584,至上励合
13593,中国人民解放军军乐团
12475735,展展与罗罗
13580,纵贯线
13579,自然卷
13638,中国国家交响乐团
173002,张玮玮和郭龙
13598,中央人民广播电台少年广播合唱团
858270,左麟右李
12047866,张三李四
13587,指南针
13612,中央民族乐团
220811,左卡
13588,正午阳光
1050549,脏理儿
13594,左右乐队
13662,中国广播民族乐团
1098088,ZingWay
1043180,正皇旗组合
13678,左右
976158,致同道合
13585,指人儿
13603,中国爱乐乐团
13687,中国交响乐团附属少年及女子合唱团
13595,中国娃娃
12227,重庆孩子
13698,中国广播之友合唱团
13590,沼泽
13582,这位太太
861224,左安西西
13605,紫环
13649,再循环乐队
13685,中国交响乐团合唱团
1066083,周休八日
12024023,ZERO-G
11311,重返袖珍时光
13586,战斧
13600,张崇基&张崇德
12118,葬尸湖
13673,自由发挥
13694,中央芭蕾舞团交响乐团
13602,窒息乐队
13702,中国广播少儿合唱团
1132659,左左右右
13618,中国武警合唱团
1094315,战旗乐队SULD
864122,中国电影乐团民族乐团
1115163,重庆华岩寺梵呗音乐团
13616,Zero
13688,中央合唱团
13652,自由派对
1046278,郑知文
1064092,周二下午谁没来
13677,中央民族乐团合唱队
1046379,中国宫廷乐社
13651,中国歌剧舞剧院交响乐团
13645,中国武警男声合唱团
12096059,中国乒乓球队
13644,珍妮& 高志坚
13668,中国红
13599,芝麻&龙眼
13692,嘴哥乐团
13643,Zaliva-D
13609,Zen
13715,中央音乐学院民族鼓乐团
12608118,浙江交响乐团
783221,紫冥乐队
1045104,张剑与河流
13635,中国响姬
13659,钟氏兄弟
1064093,ZETA
13022024,渣泥
11989083,自由人
12740337,炙融合乐团
12049251,直到看见鲸鱼的眼睛
13646,紫雨
13669,中国阮咸乐团
13684,朱宗庆打击乐团
985226,自画像乐队
1043536,张荣凯
13624,在草地上
11059,醉楠风
1078315,盘逶戳
13592,周先生
1050733,子路
1045105,指纹
13633,走了
1132145,自动波
14470269,自在1028
1132916,再说吧乐队
13622,杂音乐队
13613,展翼
13674,纸片女孩
1124271,制噪乐队
13707,之王
13704,中国少年弹拨乐团
1041103,ZERO
1019084,浊乐队
13228458,Zaouly面具舞团
5781,薛之谦
2116,陈奕迅
3684,林俊杰
3685,林宥嘉
4292,李荣浩
861777,华晨宇
12236125,王以太
826336,马雨阳
1197168,徐秉龙
12138269,毛不易
1203045,艾热
5771,许嵩
5346,王力宏
6460,张学友
13906123,张紫豪
6731,赵雷
12079219,李佳隆
12002248,沈以诚
28083340,王北车
188141,满舒克
1142042,徐梦圆
6457,张国荣
13609637,马良
3066,胡彦斌
5538,汪苏泷
6472,张杰
6479,周柏豪
6066,杨宗纬
12493781,Lil Ghost小鬼
784257,Jony J
4721,朴树
6453,张震岳
3681,李志
6452,周杰伦
12079044,陈硕子
1058228,陈鸿宇
5073,宋冬野
2843,郭顶
4479,MC Hotdog
5770,许巍
13145283,ICE
12356407,白小白
12050057,G.G(张思源)
981141,伦桑
6462,张敬轩
3699,李克勤
12420149,李袁杰
1204010,Tizzy T
2112,陈小春
12514278,那吾克热-NW
12054456,董又霖
13058503,尤长靖
1132127,萧忆情Alex
5768,萧敬腾
5196,陶
12270575,孟凡明
4723,潘玮柏
12782871,$唐老师
13527275,Wya乌鸦
13056440,陈立农
12146142,大壮
166014,金志文
12440042,邓伦
14857181,情词尧
6454,张信哲
12287118,Ayo97
5001,简弘亦
12932368,蔡徐坤
12453329,功夫胖KungFuPen
5205,谭咏麟
1198010,暗杠
1038040,赵紫骅
13056454,灵超
6469,张宇
2738,方大同
980025,周兴哲
6068,杨坤
12120150,朱星杰
6652,周传雄
13057513,朱正廷
12448205,永彬Ryan.B
12118230,钱正昊
12084229,焦迈奇
12760978,广东雨神
3691,刘德华
3249,河图
13057511,郑锐彬
3695,李健
1115075,西瓜JUN
6456,周华健
12138252,张雪飞
4726,Pianoboy高至豪
13058502,王子异
964108,吴亦凡
13059447,林超泽
4171,刘昊霖
12333145,DP龙猪
790044,小峰峰
13056442,范丞丞
1079074,余佳运
